-- phpMyAdmin SQL Dump
-- version 4.4.15.10
-- https://www.phpmyadmin.net
--
-- Host: localhost
-- Gegenereerd op: 02 nov 2017 om 10:13
-- Serverversie: 5.7.15
-- PHP-versie: 5.5.35

SET SQL_MODE = "NO_AUTO_VALUE_ON_ZERO";
SET time_zone = "+00:00";


/*!40101 SET @OLD_CHARACTER_SET_CLIENT=@@CHARACTER_SET_CLIENT */;
/*!40101 SET @OLD_CHARACTER_SET_RESULTS=@@CHARACTER_SET_RESULTS */;
/*!40101 SET @OLD_COLLATION_CONNECTION=@@COLLATION_CONNECTION */;
/*!40101 SET NAMES utf8mb4 */;

--
-- Database: `db1004959_verlanglijstjes`
--

-- --------------------------------------------------------

--
-- Tabelstructuur voor tabel `migrations`
--

CREATE TABLE IF NOT EXISTS `migrations` (
  `migration` varchar(255) COLLATE utf8_unicode_ci NOT NULL,
  `batch` int(11) NOT NULL
) ENGINE=InnoDB DEFAULT CHARSET=utf8 COLLATE=utf8_unicode_ci;

--
-- Gegevens worden geëxporteerd voor tabel `migrations`
--

INSERT INTO `migrations` (`migration`, `batch`) VALUES
('2014_10_12_000000_create_users_table', 1),
('2014_10_12_100000_create_password_resets_table', 1);

-- --------------------------------------------------------

--
-- Tabelstructuur voor tabel `password_resets`
--

CREATE TABLE IF NOT EXISTS `password_resets` (
  `email` varchar(255) COLLATE utf8_unicode_ci NOT NULL,
  `token` varchar(255) COLLATE utf8_unicode_ci NOT NULL,
  `created_at` timestamp NOT NULL DEFAULT '0000-00-00 00:00:00'
) ENGINE=InnoDB DEFAULT CHARSET=utf8 COLLATE=utf8_unicode_ci;

-- --------------------------------------------------------

--
-- Tabelstructuur voor tabel `users`
--

CREATE TABLE IF NOT EXISTS `users` (
  `id` int(10) unsigned NOT NULL,
  `name` varchar(255) COLLATE utf8_unicode_ci NOT NULL,
  `email` varchar(255) COLLATE utf8_unicode_ci NOT NULL,
  `password` varchar(60) COLLATE utf8_unicode_ci NOT NULL,
  `rank` int(11) NOT NULL,
  `chocolate_preference` varchar(100) COLLATE utf8_unicode_ci NOT NULL,
  `order` int(11) NOT NULL,
  `remember_token` varchar(100) COLLATE utf8_unicode_ci DEFAULT NULL,
  `created_at` timestamp NOT NULL DEFAULT '0000-00-00 00:00:00',
  `updated_at` timestamp NOT NULL DEFAULT '0000-00-00 00:00:00'
) ENGINE=InnoDB AUTO_INCREMENT=15 DEFAULT CHARSET=utf8 COLLATE=utf8_unicode_ci;

--
-- Gegevens worden geëxporteerd voor tabel `users`
--

INSERT INTO `users` (`id`, `name`, `email`, `password`, `rank`, `chocolate_preference`, `order`, `remember_token`, `created_at`, `updated_at`) VALUES
(1, 'GJ', 'gj@famderuiter.com', '$2y$10$NaMsspJztHGLbqrB.hRps.6wgn3hHNwDRNsnihcvQdcFdu6U2f1OW', 1, 'Puur Hazelnoot', 1, 'Z2XaEZBuZfjfdODDOlZaS2hXIfN9CrhVvwL0BUW6nB9pVHaqVm5PPiKCIkDQ', '0000-00-00 00:00:00', '2017-10-31 15:58:02'),
(2, 'Gerda', 'gerda@famderuiter.com', '$2y$10$Oc7ZjQmq0Nqo45UT9y/TvO2C5V9iuRvFvhB3g0PX10Dixlfd4rHN6', 1, 'Puur', 2, 'xTTTK4y5MPJWMOyLV1AQtiyspgntyJrAes1Yrsc427N3JcIytPiNyzfJtPu1', '0000-00-00 00:00:00', '2017-10-30 20:50:22'),
(3, 'Bas', 'deruiterb@gmail.com', '$2y$10$VEvmBvSVbE8JOv7JdgMJZuYRxX9opFYZL/c9MDzxoizxamLCBBEXq', 2, 'Melk Hazelnoot', 10, 'Irox9kSBd0DWTGUbaQC4VokFKN16WjqKrzOMz4JRBv2rXhdePrvohjvKWHtz', '0000-00-00 00:00:00', '2017-11-02 09:11:11'),
(4, 'Bob', 'bbderuiter@gmail.com', '$2y$10$mh4Lx1V5IWgQ5drT1CQxfuUKxf34rAPCzd/cNQ0vjy/GiE1hhSck2', 3, 'Melk', 12, '099j6kodEbYiMNdHChMGlmQJzmGERMFzos5t6rWdJ4IjDhGt8pl8zzRlEQZm', '0000-00-00 00:00:00', '2016-12-14 09:01:49'),
(5, 'Lieselot', 'lieselotslingerland@gmail.com', '$2y$10$gG9EWI5CbUIm2Esme20sp.wZ6MKK0iR1xWvQmxqizp1tMC.Yj9WV6', 2, 'Puur Hazelnoot,Melk Hazelnoot', 20, 'uGxkMZrH3UWDTiC0voHP6hT5rm16oNJpRr1pWckeY3v6NtEIYdcLzCridAzF', '0000-00-00 00:00:00', '2017-10-31 20:51:06'),
(6, 'Hugo', 'hugoslingerland@gmail.com', '$2y$10$zErP7L8DN4g4xF4Kzz/kjemI98aqNTsz6X5SmXOqFlbLIF2/HsshG', 2, 'Puur Hazelnoot', 21, '78XskskfGlF4bW9k3jH9Pnu0uZD1q5HpsT43rCTGk4lOX2xXUybPINwOfidr', '0000-00-00 00:00:00', '2017-01-26 19:55:20'),
(7, 'Daan', 'daanderuiter@gmail.com', '$2y$10$QZCsd.YmKhoTnqWw57FM4e9u5EozkHYvW/gLPIlzLH2WEEfkd2dT2', 2, 'Melk,Melk Hazelnoot', 30, 'qgC1xZ4oj0u6Rz5fMC2uoNGQ8NXqS5NwMOqLjRj41e6eygc4pL1OXQbCEPXM', '0000-00-00 00:00:00', '2017-10-29 19:54:36'),
(8, 'Leanne', 'leannederuiter@gmail.com', '$2y$10$jlcpvWCeLkkf0vsNB4Aw/uclqK3hQIQtGseaubaRv5iuoOONVpyE6', 2, 'Puur,Puur Hazelnoot', 31, 'tlvAS8b4CFMmEsSubGqZuMnnOLspRz4tbGsHMXnKOk6Bi0vKAgye4EGAa2PN', '0000-00-00 00:00:00', '2017-10-27 19:38:27'),
(9, 'Sepp', 'deruiterb@gmail.com', '$2y$10$AEdphYZTnw8b2zdZ14l9AegU3WohiF8h4kY6OQnhnO0.DXX53odSa', 3, 'Puur', 13, 'pGQ5ZCCdNlCqIUrIM7usbySM8oK3yx410c4mlKtJbnqETd4OTixltg6tPUwA', '0000-00-00 00:00:00', '2016-12-14 09:02:21'),
(10, 'Noortje', 'leannederuiter@gmail.com', '$2y$10$NXJAmQP6gJV4o8qHSpxNBeG8JQb1.XAjSITfssY5cYugzoG7Rlb2G', 3, 'Puur', 32, 'a63ZbfXmZiawJR6Xmu9wYE2RrRD5AkZGfw4XsnItHUmV75BWOibijwkR1Ixb', '0000-00-00 00:00:00', '2017-05-19 13:30:15'),
(11, 'Abel', 'leannederuiter@gmail.com', '$2y$10$qFwJGrUqeyJ5i.Xajb.FleTLv4MpFlDkMeOcWPVtya9bs/vw0FVyy', 3, 'Melk', 33, 'VBojRZhTIvhqSFDbYvfdrlQ3E1oQfDEt6Lao6xgU9loAGIPSiWY4K8wuUM6t', '0000-00-00 00:00:00', '2017-10-27 19:39:20'),
(12, 'Dorien', 'doriendouma@hotmail.com', '$2y$10$qFwJGrUqeyJ5i.Xajb.FleTLv4MpFlDkMeOcWPVtya9bs/vw0FVyy', 2, 'Melk', 11, '0vteR1F3HgBvAnrJu2SE80IwjN1J6KtMLJ5KRA9KfNAe1yUKdwBFeGGX6x88', '0000-00-00 00:00:00', '2017-10-25 13:10:44'),
(13, 'Thijs', 'doriendouma@hotmail.com', '$2y$10$qFwJGrUqeyJ5i.Xajb.FleTLv4MpFlDkMeOcWPVtya9bs/vw0FVyy', 3, 'Melk', 14, NULL, '0000-00-00 00:00:00', '2017-11-02 08:50:26'),
(14, 'Daantje', 'doriendouma@hotmail.com', '$2y$10$qFwJGrUqeyJ5i.Xajb.FleTLv4MpFlDkMeOcWPVtya9bs/vw0FVyy', 3, 'Melk', 15, 'M5rtoVSPjxk6Ur7DtJwZwtK4gVEgNKfmZ8DbEV1lb6NxgBHSp7x8xhbbk68f', '0000-00-00 00:00:00', '2017-11-02 09:11:21');

-- --------------------------------------------------------

--
-- Tabelstructuur voor tabel `wishes`
--

CREATE TABLE IF NOT EXISTS `wishes` (
  `id` int(4) NOT NULL,
  `user_id` int(10) unsigned NOT NULL,
  `description` varchar(200) DEFAULT NULL,
  `link` text,
  `claimed_by` tinyint(4) DEFAULT NULL,
  `claimed_at` datetime DEFAULT NULL,
  `created_at` datetime NOT NULL DEFAULT '0000-00-00 00:00:00',
  `updated_at` datetime NOT NULL DEFAULT '0000-00-00 00:00:00',
  `deleted_at` datetime DEFAULT NULL
) ENGINE=InnoDB AUTO_INCREMENT=1027 DEFAULT CHARSET=latin1;

--
-- Gegevens worden geëxporteerd voor tabel `wishes`
--

INSERT INTO `wishes` (`id`, `user_id`, `description`, `link`, `claimed_by`, `claimed_at`, `created_at`, `updated_at`, `deleted_at`) VALUES
(1, 5, 'decopatch papier en lijm', NULL, NULL, NULL, '0000-00-00 00:00:00', '2011-11-26 15:52:23', '2011-11-26 15:52:23'),
(2, 2, 'agenda(tje) 2012', NULL, NULL, NULL, '0000-00-00 00:00:00', '2012-09-11 00:43:11', '2012-09-11 00:43:11'),
(3, 2, 'notitiekalender 2013', NULL, NULL, NULL, '0000-00-00 00:00:00', '2013-01-25 15:04:36', '2013-01-25 15:04:36'),
(4, 2, 'bloemengeurtje in stopcontact', NULL, NULL, NULL, '2008-11-25 22:30:00', '2009-11-27 15:12:55', '2009-11-27 15:12:55'),
(5, 2, 'xenos kopjes', NULL, NULL, NULL, '2008-11-25 22:30:00', '2009-11-27 15:12:55', '2009-11-27 15:12:55'),
(6, 8, 'kaarsen', NULL, NULL, NULL, '2008-11-25 22:30:00', '2010-08-28 09:56:30', '2010-08-28 09:56:30'),
(7, 2, 'kaarsen', NULL, NULL, NULL, '2008-11-25 22:30:00', '2010-08-23 03:15:44', '2010-08-23 03:15:44'),
(8, 7, 'Bieren', NULL, NULL, NULL, '2008-11-25 22:30:00', '2009-09-20 21:30:20', NULL),
(9, 1, 'sokken', NULL, NULL, NULL, '2008-11-25 22:30:00', '2009-10-23 19:36:58', '2009-10-23 19:36:58'),
(10, 5, 'Ringbandmaker voor metaal inbinden', 'http://www.gmppro.be/nl/reliure/relieuses/reliures_par_anneaux.html', NULL, NULL, '2008-11-25 22:30:00', '2011-10-25 12:39:59', '2011-10-25 12:39:59'),
(11, 4, 'speelgoed waarmee je muziek maakt', NULL, NULL, NULL, '2008-11-25 22:30:00', '2009-11-22 16:02:29', '2009-11-22 16:02:29'),
(12, 2, 'kussentjes bank, lente?groen, groot', NULL, NULL, NULL, '2008-11-25 22:30:00', '2011-08-14 22:58:29', '2011-08-14 22:58:29'),
(13, 2, 'pesto''s', NULL, NULL, NULL, '2008-11-25 22:30:00', '2010-08-23 03:15:44', '2010-08-23 03:15:44'),
(14, 2, 'gedroogde tomaten', NULL, NULL, NULL, '2008-11-25 22:30:00', '2010-08-23 03:15:43', '2010-08-23 03:15:43'),
(15, 7, 'Spellen', NULL, NULL, NULL, '2008-11-25 22:30:00', '2011-10-26 11:46:52', '2011-10-26 11:46:52'),
(16, 1, 'SF boeken', NULL, NULL, NULL, '2008-11-25 22:30:00', '2014-10-18 02:48:22', '2014-10-18 02:48:22'),
(17, 5, 'wijnfles opener', NULL, NULL, NULL, '2008-11-25 22:30:00', '2009-10-11 01:47:20', '2009-10-11 01:47:20'),
(18, 1, 'sigaren', NULL, NULL, NULL, '2008-11-25 22:30:00', '2011-11-26 04:50:10', '2011-11-26 04:50:10'),
(19, 5, 'Oorbellen ', 'http://www.bailiff-fashion.nl/pub/upload/1/1/sarlinis.jpg', NULL, NULL, '2008-11-25 22:30:00', '2011-10-25 12:39:59', '2011-10-25 12:39:59'),
(20, 3, 'speciaalbier', NULL, NULL, NULL, '2008-11-25 22:30:00', '2009-10-10 17:09:13', '2009-10-10 17:09:13'),
(21, 2, 'gekke en rare kettingen', NULL, NULL, NULL, '2008-11-25 22:30:00', '2010-11-09 03:00:09', '2010-11-09 03:00:09'),
(22, 7, 'Bierglazen', NULL, NULL, NULL, '2008-11-25 22:30:00', '2010-08-28 20:30:27', '2010-08-28 20:30:27'),
(23, 1, 'muziek - blues of jazz', NULL, NULL, NULL, '2008-11-25 22:30:00', '2014-10-18 02:45:41', '2014-10-18 02:45:41'),
(24, 7, 'Science Fiction Boeken (oa Greg Elan)', NULL, NULL, NULL, '2008-11-25 22:30:00', '2016-11-12 11:31:52', NULL),
(25, 1, 'bloembollen ', NULL, NULL, NULL, '2008-11-25 22:30:00', '2014-10-18 02:45:03', '2014-10-18 02:45:03'),
(26, 5, 'Hele grote theemokken BIGG', NULL, NULL, NULL, '2008-11-25 22:30:00', '2010-01-08 10:17:13', '2010-01-08 10:17:13'),
(27, 3, 'leuke overhemden', NULL, NULL, NULL, '2008-11-25 22:30:00', '2009-11-19 14:09:28', '2009-11-19 14:09:28'),
(28, 4, 'sokken met profiel', NULL, NULL, NULL, '2008-11-26 23:53:07', '2009-11-22 16:02:29', '2009-11-22 16:02:29'),
(29, 4, 'kleren maat 98-104', NULL, NULL, NULL, '2008-11-26 23:53:56', '2011-11-21 10:52:16', '2011-11-21 10:52:16'),
(30, 4, 'auto''s', NULL, NULL, NULL, '2008-11-26 23:54:50', '2009-11-22 17:45:09', '2009-11-22 17:45:09'),
(31, 4, 'treinen', NULL, NULL, NULL, '2008-11-26 23:54:50', '2009-11-22 17:45:09', '2009-11-22 17:45:09'),
(32, 5, 'crossover comics / marvel', NULL, NULL, NULL, '2008-11-27 09:20:18', '2010-01-08 10:17:13', '2010-01-08 10:17:13'),
(33, 8, 'schilderij-achtige dingen in terracotta of grijskleuren', NULL, NULL, NULL, '2008-11-27 19:57:43', '2009-10-15 16:38:20', '2009-10-15 16:38:20'),
(34, 8, '', NULL, NULL, NULL, '2008-11-27 19:57:43', '2009-10-15 16:38:20', '2009-10-15 16:38:20'),
(35, 8, 'boekenbonnen', NULL, NULL, NULL, '2008-11-27 19:57:43', '2010-08-31 11:37:46', NULL),
(36, 8, 'Rituals dingetjes (liefst rode witte groene of roze lijn)', NULL, NULL, NULL, '2008-11-27 19:57:43', '2009-12-16 09:01:40', '2009-12-16 09:01:40'),
(37, 8, 'kaarsen en andere sfeerfrutsels voor nieuwe huisje', NULL, NULL, NULL, '2008-11-27 19:57:43', '2009-10-15 16:38:20', '2009-10-15 16:38:20'),
(38, 8, '', NULL, NULL, NULL, '2008-11-27 19:57:43', '2009-10-15 16:39:48', '2009-10-15 16:39:48'),
(39, 8, 'grote verjaardagenposter', NULL, NULL, NULL, '2008-11-27 19:57:43', '2009-12-16 09:01:40', '2009-12-16 09:01:40'),
(40, 8, 'ophangkapstok', NULL, NULL, NULL, '2008-11-27 20:04:50', '2009-10-15 16:38:20', '2009-10-15 16:38:20'),
(41, 2, 'rode sjaal', NULL, NULL, NULL, '2008-12-02 07:45:02', '2011-08-14 22:57:55', '2011-08-14 22:57:55'),
(42, 2, 'allerlei tuinkruiden', NULL, NULL, NULL, '2008-12-02 07:45:02', '2010-08-23 03:15:44', '2010-08-23 03:15:44'),
(43, 2, 'redelijk dikke rode en roze panty', NULL, 3, NULL, '2008-12-02 07:45:02', '2010-08-23 03:15:43', '2010-08-23 03:15:43'),
(44, 3, 'SF', NULL, NULL, NULL, '2008-12-02 07:48:12', '2015-08-14 10:32:42', '2015-08-14 10:32:42'),
(45, 3, 'Bazz logo en favicon voor op mijn websites', NULL, NULL, NULL, '2008-12-02 13:31:46', '2010-07-20 14:06:04', '2010-07-20 14:06:04'),
(46, 2, 'wit T shirt met lange mouwen', NULL, NULL, NULL, '2008-12-03 09:55:10', '2010-08-23 03:15:44', '2010-08-23 03:15:44'),
(47, 2, 'krans met kruidnagelen voor in de w.c.', NULL, NULL, NULL, '2008-12-03 09:55:10', '2014-03-15 01:19:53', '2014-03-15 01:19:53'),
(48, 3, 'Klein elektrisch schroevendraaiertje (voor in lastige ruimtes)', NULL, NULL, NULL, '2009-06-12 15:00:10', '2009-10-04 13:52:11', '2009-10-04 13:52:11'),
(49, 3, 'kaartje voor de film "Up"', NULL, NULL, NULL, '2009-06-12 15:00:10', '2009-10-04 13:52:11', '2009-10-04 13:52:11'),
(50, 3, 'Wheel of Time 12', NULL, NULL, NULL, '2009-06-12 15:00:10', '2010-10-24 16:15:22', '2010-10-24 16:15:22'),
(51, 3, 'Magix Red uw video''s', NULL, NULL, NULL, '2009-09-19 20:22:15', '2009-11-19 13:43:51', '2009-11-19 13:43:51'),
(52, 3, 'dagje klushulp', NULL, NULL, NULL, '2009-09-19 20:22:15', '2010-09-08 23:35:06', '2010-09-08 23:35:06'),
(53, 3, 'slijptol', NULL, NULL, NULL, '2009-09-19 20:22:15', '2009-10-04 13:52:11', '2009-10-04 13:52:11'),
(54, 3, 'dongel o.i.d.', NULL, NULL, NULL, '2009-09-19 20:22:15', '2009-11-19 13:43:51', '2009-11-19 13:43:51'),
(55, 3, 'harde schijf van 1TB', NULL, NULL, NULL, '2009-09-20 15:50:35', '2011-09-23 14:25:58', '2011-09-23 14:25:58'),
(56, 5, 'cartoon puzzel (bvzoek op jan haasteren)', 'http://www.marktplaats.nl', NULL, NULL, '2009-09-20 17:55:37', '2010-01-08 10:16:04', '2010-01-08 10:16:04'),
(57, 5, '', NULL, NULL, NULL, '2009-09-20 17:55:37', '2010-11-30 03:09:56', '2010-11-30 03:09:56'),
(58, 5, 'thermo kleding lang maat S', 'http://www.hansvanwijk.nl/site/image/Home/Thermo-La.jpg', NULL, NULL, '2009-09-20 17:55:37', '2011-03-02 16:48:24', '2011-03-02 16:48:24'),
(59, 5, 'bosatlas', NULL, NULL, NULL, '2009-09-20 17:55:37', '2011-10-25 12:39:59', '2011-10-25 12:39:59'),
(60, 5, 'boormachine', NULL, NULL, NULL, '2009-09-20 17:55:37', '2010-11-30 03:09:57', '2010-11-30 03:09:57'),
(61, 7, 'Flatscreen Televisies', NULL, NULL, NULL, '2009-09-20 21:30:20', '2009-10-12 08:50:42', '2009-10-12 08:50:42'),
(62, 7, 'Technisch Lego', NULL, 5, '2012-11-27 18:55:19', '2009-09-20 21:30:20', '2009-09-20 21:30:20', NULL),
(63, 7, 'Flessen Whisky', NULL, NULL, NULL, '2009-09-20 21:30:20', '2009-09-20 21:30:20', NULL),
(64, 7, 'Elektrische Tandenborstels', NULL, NULL, NULL, '2009-09-20 21:30:20', '2010-08-28 20:30:27', '2010-08-28 20:30:27'),
(65, 5, 'laptophoes 15:1"', NULL, NULL, NULL, '2009-10-11 01:47:20', '2009-12-07 15:47:21', '2009-12-07 15:47:21'),
(66, 5, 'Duikschoenen 5mm dik - maat 37', NULL, NULL, NULL, '2009-10-11 02:02:42', '2010-01-08 10:17:13', '2010-01-08 10:17:13'),
(67, 8, 'lekker warme wanten (klein maatje)', NULL, NULL, NULL, '2009-10-15 16:38:20', '2009-12-19 20:42:01', '2009-12-19 20:42:01'),
(68, 8, 'felgekleurde muts', NULL, NULL, NULL, '2009-10-15 16:38:20', '2009-12-16 09:01:40', '2009-12-16 09:01:40'),
(69, 8, 'muffinbakblik (voor 6 stuks) aangezien mijn oude verroest is', NULL, NULL, NULL, '2009-10-15 16:38:20', '2009-12-16 09:01:40', '2009-12-16 09:01:40'),
(70, 8, 'warme sloffen / huissokken', NULL, NULL, NULL, '2009-10-15 16:41:28', '2009-10-15 16:41:55', '2009-10-15 16:41:55'),
(71, 8, '', NULL, NULL, NULL, '2009-10-15 16:42:30', '2010-04-12 16:39:20', '2010-04-12 16:39:20'),
(72, 8, 'leuke pannenonderzetters voor op onze upgegrade eettafel', NULL, NULL, NULL, '2009-10-15 16:43:44', '2010-02-13 12:48:09', '2010-02-13 12:48:09'),
(73, 8, 'redelijk smalle, hoge vaas (voor bijv. een bos gerbera''s)', NULL, NULL, NULL, '2009-10-15 16:44:20', '2009-12-16 09:01:40', '2009-12-16 09:01:40'),
(74, 8, 'staafmixer', NULL, NULL, NULL, '2009-10-16 13:35:58', '2009-12-28 17:34:59', '2009-12-28 17:34:59'),
(75, 8, 'leuke tas (zwart of grijs) met leker veel vakjes. hengsel moet lang genoeg zijn om schuin over schouder/borst te kunnen. beetje netjes (voor werk). groot genoeg voor een a5-agende en een bijbel.', NULL, NULL, NULL, '2009-10-17 19:34:58', '2009-11-22 15:28:23', '2009-11-22 15:28:23'),
(76, 8, 'een tramabonnement om droog naar mn werk te kunnen... (of een goed regenpak, dat werkt ook wel)', NULL, NULL, NULL, '2009-10-19 20:14:24', '2010-06-14 21:08:05', '2010-06-14 21:08:05'),
(77, 7, 'Spiegels', NULL, NULL, NULL, '2009-10-20 22:50:50', '2010-08-28 20:30:27', '2010-08-28 20:30:27'),
(78, 1, 'autoradio met cdspeler', NULL, NULL, NULL, '2009-10-23 19:30:30', '2012-01-04 14:34:01', '2012-01-04 14:34:01'),
(79, 1, 'portemonnee', NULL, NULL, NULL, '2009-10-23 19:30:47', '2010-10-05 22:50:59', '2010-10-05 22:50:59'),
(80, 1, 'negatieven/dia copieerapparaat', NULL, NULL, NULL, '2009-10-23 19:35:55', '2010-12-22 03:17:15', '2010-12-22 03:17:15'),
(81, 1, 'lage blauwe!!! herfstasters plusminus 30/40 cm', NULL, NULL, NULL, '2009-10-23 19:36:58', '2015-09-12 18:32:03', '2015-09-12 18:32:03'),
(82, 1, 'overblijvende groenblijvende planten', NULL, NULL, NULL, '2009-10-23 19:37:38', '2014-10-18 02:47:52', '2014-10-18 02:47:52'),
(83, 1, 'bij het huis passende lampen (bv een grote walvisachtige lamp van drie meter voor onder het plafond)', NULL, NULL, NULL, '2009-10-23 19:39:57', '2015-09-12 18:33:32', '2015-09-12 18:33:32'),
(84, 3, 'Tripel bier', NULL, NULL, NULL, '2009-11-22 16:23:24', '2014-09-22 13:55:02', '2014-09-22 13:55:02'),
(85, 4, 'speelgoed servies', NULL, NULL, NULL, '2009-11-22 16:31:32', '2010-09-14 20:44:53', '2010-09-14 20:44:53'),
(86, 4, 'kinderbestek (veel)', NULL, NULL, NULL, '2009-11-22 16:31:32', '2010-09-14 20:44:53', '2010-09-14 20:44:53'),
(87, 5, '1p. Wok-koekenpannetje', NULL, NULL, NULL, '2009-11-23 19:17:10', '2010-02-11 21:50:25', '2010-02-11 21:50:25'),
(88, 5, 'puzzel cartoon ', NULL, NULL, NULL, '2009-11-23 19:21:05', '2009-11-23 19:21:47', '2009-11-23 19:21:47'),
(89, 3, 'David Eddings: The Belgariad deel 3 t/m 5', NULL, NULL, NULL, '2009-11-24 10:59:38', '2010-06-15 09:06:32', '2010-06-15 09:06:32'),
(90, 5, 'Schoenen (bon)', 'http://shop.irregularchoice.com/unisex/list/gift_vouchers/', NULL, NULL, '2009-11-25 09:30:06', '2011-10-25 12:39:59', '2011-10-25 12:39:59'),
(91, 4, 'boeken en dvd''s Muis', 'http://www.cpnb.nl/nvd/2007/beeld/omslagen/Muis-in-de-bibliotheek.jpg', NULL, NULL, '2009-11-26 19:17:33', '2010-09-14 20:44:53', '2010-09-14 20:44:53'),
(92, 7, 'Kleine Theedoosjes', NULL, NULL, NULL, '2009-11-26 20:41:29', '2011-11-26 17:52:52', '2011-11-26 17:52:52'),
(93, 2, 'slofsokken', NULL, NULL, NULL, '2009-11-27 15:12:55', '2012-09-11 00:43:43', '2012-09-11 00:43:43'),
(94, 3, 'tijdschriftenhouders', 'http://www.4office.be/images2/0008995.jpg', NULL, NULL, '2009-11-27 16:28:44', '2010-02-03 14:37:23', '2010-02-03 14:37:23'),
(95, 4, 'sokken met profiel ( schoenmaat 24 of 23-26)', NULL, NULL, NULL, '2009-11-28 12:12:22', '2011-11-21 10:52:16', '2011-11-21 10:52:16'),
(96, 4, 'potloden ', NULL, NULL, NULL, '2009-11-28 12:12:22', '2009-12-05 12:34:58', '2009-12-05 12:34:58'),
(97, 4, 'muziekinstrumenten ( trommel)', NULL, NULL, NULL, '2009-11-28 12:12:22', '2010-12-07 15:21:47', '2010-12-07 15:21:47'),
(98, 7, 'Fonduesetjes', NULL, NULL, NULL, '2009-11-28 22:49:51', '2011-07-24 22:08:01', '2011-07-24 22:08:01'),
(99, 5, 'New tales of Monkey Island nieuwste game voor pc of PS2 ( wel een geheugen kaartje voor de ps2 anders kan ik niet opslaan)', 'http://www.worldofmi.com/', NULL, NULL, '2009-11-29 21:38:47', '2010-12-19 18:41:36', '2010-12-19 18:41:36'),
(100, 5, 'Nesepresso cups die je zelf lekker vind. Machine heb ik al', 'http://www.singleserveespresso.com/pictures/NewNespressoCapsules.jpg', NULL, NULL, '2009-11-30 14:27:05', '2010-01-08 10:16:04', '2010-01-08 10:16:04'),
(101, 4, 'slaapzak mt 86-104 ( dun cq niet gevoerd)', NULL, NULL, NULL, '2009-12-01 19:48:47', '2010-09-14 20:44:53', '2010-09-14 20:44:53'),
(102, 4, 'pyama mt 92', NULL, NULL, NULL, '2009-12-01 19:49:36', '2010-09-14 20:44:53', '2010-09-14 20:44:53'),
(103, 4, 'woordenboek met plaatjes', NULL, NULL, NULL, '2009-12-05 12:33:34', '2010-11-13 14:27:54', '2010-11-13 14:27:54'),
(104, 8, 'dekbedhoezen van 220 bij 240', NULL, NULL, NULL, '2009-12-16 09:01:40', '2012-05-25 19:48:46', '2012-05-25 19:48:46'),
(105, 7, 'Webcams', NULL, NULL, NULL, '2009-12-20 15:20:44', '2011-11-26 17:52:55', '2011-11-26 17:52:55'),
(106, 5, 'Bijdrage voor een flatscreen', NULL, NULL, NULL, '2010-01-08 10:17:13', '2010-11-30 03:09:57', '2010-11-30 03:09:57'),
(107, 5, 'Espresso kopjes', NULL, NULL, NULL, '2010-01-12 15:24:48', '2010-02-11 21:50:25', '2010-02-11 21:50:25'),
(108, 5, 'espresso kopjes', NULL, NULL, NULL, '2010-01-12 15:25:23', '2010-01-12 15:26:34', '2010-01-12 15:26:34'),
(109, 5, 'Electrische melkschuimer', NULL, NULL, NULL, '2010-01-12 15:25:23', '2010-02-11 21:50:25', '2010-02-11 21:50:25'),
(110, 5, 'wijntje', NULL, NULL, NULL, '2010-01-12 21:54:51', '2010-01-12 21:55:23', '2010-01-12 21:55:23'),
(111, 5, 'wijn', NULL, NULL, NULL, '2010-01-12 21:55:23', '2011-10-25 12:39:59', '2011-10-25 12:39:59'),
(112, 5, 'zwart japans servies - ik heb een samenraapsel van verschillend servies, mag nog veeeeeel meer bij', NULL, NULL, NULL, '2010-01-12 21:55:57', '2011-02-02 11:00:43', '2011-02-02 11:00:43'),
(113, 3, 'StarCraft 2 muismat', 'http://www.bol.com/nl/p/games/qck-starcraft-2/1004004007112709/index.html#product_images', NULL, NULL, '2010-01-19 21:44:25', '2010-09-08 23:35:07', '2010-09-08 23:35:07'),
(114, 3, 'nettop (Asus EeeBox PC EB1012 atom D510)', NULL, NULL, NULL, '2010-01-30 20:35:17', '2010-09-22 16:04:27', '2010-09-22 16:04:27'),
(115, 3, 'Teufel concept B 200 SUB', NULL, NULL, NULL, '2010-02-03 14:35:15', '2010-09-22 16:04:28', '2010-09-22 16:04:28'),
(116, 8, 'theemuts', NULL, NULL, NULL, '2010-02-13 12:48:09', '2010-09-05 11:19:35', '2010-09-05 11:19:35'),
(117, 3, 'visitekaartjes opbergsysteem', NULL, NULL, NULL, '2010-02-22 20:16:25', '2010-10-24 16:15:22', '2010-10-24 16:15:22'),
(118, 8, 'IKEA 365+ koffiekopjes (6 stuks incl. schoteltjes, wit)', NULL, NULL, NULL, '2010-02-27 12:14:49', '2010-08-28 09:56:30', '2010-08-28 09:56:30'),
(119, 8, 'IKEA VARME theepot (wit)', NULL, NULL, NULL, '2010-02-27 12:14:49', '2011-07-24 22:04:01', '2011-07-24 22:04:01'),
(120, 8, 'nieuwe computer (eentje die wel geluid heeft en niet vastloopt bij een nieuwere versie van InDesign dan 2.0)', NULL, NULL, NULL, '2010-05-11 22:23:24', '2010-07-10 20:24:07', '2010-07-10 20:24:07'),
(121, 8, 'horloge (smal / klein)', NULL, NULL, NULL, '2010-05-11 22:23:24', '2010-09-25 16:48:30', '2010-09-25 16:48:30'),
(122, 3, 'I love Starcraft T-Shirt', NULL, NULL, NULL, '2010-06-15 09:06:32', '2011-01-19 11:46:11', '2011-01-19 11:46:11'),
(123, 8, 'leuk setje voor een zonnig zitje op de kade', NULL, NULL, NULL, '2010-07-10 20:24:07', '2012-08-25 23:51:41', '2012-08-25 23:51:41'),
(124, 3, 'Gaming toetsenbord', 'http://www.logitech.com/nl-nl/gaming/mice-keyboard-combos/devices/5902', NULL, NULL, '2010-07-20 14:04:14', '2011-09-23 14:25:53', '2011-09-23 14:25:53'),
(125, 8, 'warm zacht vloerkleed voor woonkamer ', NULL, NULL, NULL, '2010-07-23 09:37:10', '2010-08-31 11:37:46', '2010-08-31 11:37:46'),
(126, 3, 'Boek: Why New Systems Fail', 'http://www.bol.com/nl/p/engelse-boeken/why-new-systems-fail/1001004006683217/index.html', 2, NULL, '2010-07-28 09:26:39', '2010-12-07 15:19:12', '2010-12-07 15:19:12'),
(127, 2, 'body-lotion/ huidolie (geen amandelgeur)', NULL, NULL, NULL, '2010-08-23 03:15:44', '2011-08-14 22:57:55', '2011-08-14 22:57:55'),
(128, 2, 'body-lotion / huidolie (geen amandelgeur!)', NULL, NULL, NULL, '2010-08-23 03:15:44', '2010-10-05 01:31:40', '2010-10-05 01:31:40'),
(129, 2, 'kaarsen in glas ofzo voor buiten', NULL, NULL, NULL, '2010-08-23 03:15:44', '2012-09-11 02:31:22', '2012-09-11 02:31:22'),
(130, 2, 'boodschappenkar met grote wielen', NULL, NULL, NULL, '2010-08-23 03:15:44', '2011-08-14 22:57:55', '2011-08-14 22:57:55'),
(131, 2, 'schommelbank in tuin', NULL, NULL, NULL, '2010-08-23 03:15:45', '2010-11-09 03:00:10', '2010-11-09 03:00:10'),
(132, 2, 'fietstassen op mijn goede fiets', NULL, NULL, NULL, '2010-08-23 03:15:45', '2010-11-09 03:00:10', '2010-11-09 03:00:10'),
(133, 2, 'zit/ligstoel tuin', NULL, NULL, NULL, '2010-08-23 03:15:45', '2010-11-09 03:00:10', '2010-11-09 03:00:10'),
(134, 2, '', NULL, NULL, NULL, '2010-08-23 03:15:45', '2010-10-05 01:31:40', '2010-10-05 01:31:40'),
(135, 2, 'glijbaan voor Bobje (en evt andere ((klein))kinderen)', NULL, NULL, NULL, '2010-08-23 03:15:45', '2010-11-09 03:00:10', '2010-11-09 03:00:10'),
(136, 2, 'Calvin Klein, Eternity ', NULL, NULL, NULL, '2010-08-27 03:31:54', '2010-12-02 12:34:40', '2010-12-02 12:34:40'),
(137, 8, 'badzout', NULL, NULL, NULL, '2010-08-28 09:56:30', '2010-12-27 13:37:54', '2010-12-27 13:37:54'),
(138, 8, 'laarzenspanners (6 paar, smalle maat)', NULL, NULL, NULL, '2010-08-28 11:29:51', '2010-09-25 16:48:31', '2010-09-25 16:48:31'),
(139, 8, 'pumpspanners (8 paar, smalle maat)', NULL, NULL, NULL, '2010-08-28 11:37:46', '2010-10-13 10:55:44', '2010-10-13 10:55:44'),
(140, 8, 'keukenrolhouder (staand)', NULL, NULL, NULL, '2010-08-28 16:47:33', '2011-05-01 17:55:51', '2011-05-01 17:55:51'),
(141, 8, 'jasbeschermers voor fietstassen', NULL, NULL, NULL, '2010-08-28 16:47:33', '2010-10-13 10:55:44', '2010-10-13 10:55:44'),
(142, 8, 'taartzaag', NULL, 6, '2015-11-29 00:15:28', '2010-08-28 16:47:33', '2015-12-06 12:12:03', '2015-12-06 12:12:03'),
(143, 8, '', NULL, NULL, NULL, '2010-08-31 11:37:46', '2011-07-06 23:13:24', '2011-07-06 23:13:24'),
(144, 8, 'Rituals: doucheschuim, bodybutter of cadeaubonnen (of de Hema-lookalike)', NULL, NULL, NULL, '2010-08-31 11:37:46', '2013-09-04 21:03:41', '2013-09-04 21:03:41'),
(145, 8, 'bloemen, boeketten, bloeiende plantjes etc', NULL, NULL, NULL, '2010-08-31 11:39:53', '2011-11-02 22:34:48', NULL),
(146, 8, 'IKEA Komplement multihangers (nog 2 stuks)', 'http://www.ikea.com/nl/nl/catalog/products/70108912', NULL, NULL, '2010-08-31 20:10:25', '2011-05-15 16:25:50', '2011-05-15 16:25:50'),
(147, 7, 'Bijzettafel ''LACK'', zwart (Ikea)', 'http://www.ikea.com/PIAimages/22518_PE107397_S3.jpg', NULL, NULL, '2010-09-02 21:23:26', '2011-11-26 17:52:58', '2011-11-26 17:52:58'),
(148, 7, 'Sleutelhangers die blijven drijven', NULL, NULL, NULL, '2010-09-04 10:51:46', '2011-09-11 13:44:18', '2011-09-11 13:44:18'),
(149, 7, 'Tuingereedschappen (onkruidwieders, etc.)', NULL, NULL, NULL, '2010-09-05 12:48:48', '2011-10-26 11:46:52', '2011-10-26 11:46:52'),
(150, 7, 'Barbecues', NULL, NULL, NULL, '2010-09-05 12:48:57', '2011-11-26 17:53:00', '2011-11-26 17:53:00'),
(151, 3, 'Alpirsbacher Kloster Naturtrub', 'http://www.alpirsbacher.de/Media/Webimage.ashx/c6d4a1a0-7dcb-41d5-84f9-0d72f249b39a/', NULL, NULL, '2010-09-08 23:35:07', '2012-09-10 20:36:25', '2012-09-10 20:36:25'),
(152, 8, 'pipetje', NULL, NULL, NULL, '2010-09-14 09:34:01', '2016-12-07 10:37:53', '2016-12-07 10:37:53'),
(153, 8, 'kookboekhouder', NULL, NULL, NULL, '2010-09-14 09:34:01', '2010-09-21 22:31:12', '2010-09-21 22:31:12'),
(154, 8, 'rekje voor over de badkuip, incl. boekstandaard (Xenos)', NULL, NULL, NULL, '2010-09-14 09:34:01', '2011-05-01 17:55:51', '2011-05-01 17:55:51'),
(155, 8, 'fietspomp', NULL, NULL, NULL, '2010-09-14 09:34:01', '2010-09-25 16:48:31', '2010-09-25 16:48:31'),
(156, 4, 'aanvulling op lego duplo ( vliegtuig/politie auto etc.)', NULL, NULL, NULL, '2010-09-14 20:44:53', '2010-12-07 15:21:47', '2010-12-07 15:21:47'),
(157, 4, 'puzzel met grote stukken', NULL, NULL, NULL, '2010-09-14 20:44:53', '2011-11-21 10:52:16', '2011-11-21 10:52:16'),
(158, 4, 'boeken met plaatjes (richard scarry ( de'' blauwe'' heeft bob al.) muis, teletubbies, met letters, over auto''s en vliegtuigen)', NULL, NULL, NULL, '2010-09-14 20:44:53', '2011-11-21 10:52:16', '2011-11-21 10:52:16'),
(159, 4, 'auto''s (oplegger, brandweer)', NULL, NULL, NULL, '2010-09-14 20:44:53', '2011-11-21 10:52:16', '2011-11-21 10:52:16'),
(160, 3, 'oordopjes(koptelefoon) met oorclip', 'http://pan2.fotovista.com/dev/2/0/02905202/g_02905202.jpg', NULL, NULL, '2010-09-16 14:26:41', '2011-09-23 09:32:18', '2011-09-23 09:32:18'),
(161, 3, 'Filosofische werkjes', NULL, NULL, '2012-09-28 19:51:56', '2010-09-22 16:05:15', '2015-08-14 10:32:32', '2015-08-14 10:32:32'),
(162, 3, 'Theater/concert kaartjes of bonnen', NULL, NULL, NULL, '2010-09-22 16:05:55', '2011-09-23 09:32:18', '2011-09-23 09:32:18'),
(163, 3, 'Kelnermes', NULL, NULL, NULL, '2010-09-22 16:31:28', '2010-10-24 16:15:22', '2010-10-24 16:15:22'),
(164, 3, 'pijpsleutelset', NULL, NULL, NULL, '2010-09-22 19:35:30', '2010-10-24 16:15:22', '2010-10-24 16:15:22'),
(165, 1, 'nokia handsfreeset', NULL, NULL, NULL, '2010-10-05 22:50:59', '2012-01-04 14:34:27', '2012-01-04 14:34:27'),
(166, 1, 'externe harde schijf', NULL, 2, NULL, '2010-10-05 22:50:59', '2010-12-03 14:37:56', '2010-12-03 14:37:56'),
(167, 8, 'rondbreinaald', NULL, NULL, NULL, '2010-10-27 21:10:58', '2012-01-28 21:34:03', '2012-01-28 21:34:03'),
(168, 3, 'Tetris ijsblokjes', 'http://www.famderuiter.com/verlanglijstjes/img/uploads/ijsblokjes.jpg', NULL, NULL, '2010-11-01 15:47:05', '2011-10-09 16:46:59', '2011-10-09 16:46:59'),
(169, 8, 'keramische bakkorrels (voor het blind bakken van taartbodems)', NULL, NULL, '2012-10-13 11:41:07', '2010-11-07 15:20:15', '2012-10-16 23:46:55', '2012-10-16 23:46:55'),
(170, 8, 'het logo spel (jumbo)', 'http://www.bol.com/nl/p/speelgoed/het-logo-bordspel/1004004010210418/index.html', NULL, NULL, '2010-11-07 15:26:12', '2012-09-07 00:01:02', '2012-09-07 00:01:02'),
(171, 2, 'Chinese schaaltjes (blauw doorzichtig) SF  boeken, fantasy-serie', NULL, NULL, NULL, '2010-11-09 03:00:10', '2011-11-17 03:19:12', '2011-11-17 03:19:12'),
(172, 2, 'Kaarsen', NULL, NULL, NULL, '2010-11-09 03:00:10', '2014-03-15 01:22:44', '2014-03-15 01:22:44'),
(173, 2, 'Waxinelichtjes', NULL, NULL, NULL, '2010-11-09 03:00:10', '2014-03-15 01:23:03', '2014-03-15 01:23:03'),
(174, 2, 'Orchidee', NULL, NULL, NULL, '2010-11-09 03:00:10', '2014-03-15 01:23:20', '2014-03-15 01:23:20'),
(175, 2, 'Stormlantaarn', NULL, NULL, NULL, '2010-11-09 03:00:10', '2012-09-11 02:31:29', '2012-09-11 02:31:29'),
(176, 2, 'notitiekalender 2011', NULL, NULL, NULL, '2010-11-09 03:40:37', '2010-12-22 03:17:37', '2010-12-22 03:17:37'),
(177, 3, 'multomap tabbladen', NULL, NULL, NULL, '2010-11-09 15:27:58', '2011-10-03 19:58:27', '2011-10-03 19:58:27'),
(178, 3, 'webcam met microfoon', NULL, NULL, NULL, '2010-11-13 14:32:40', '2011-09-23 09:32:18', '2011-09-23 09:32:18'),
(179, 8, 'hele kleine vetbolletjes voor de musjes rond de boot', NULL, NULL, NULL, '2010-11-14 14:30:44', '2011-02-19 14:06:58', '2011-02-19 14:06:58'),
(180, 8, 'gieters (1 kleine voor binnen en 1 grotere voor bloembakken buiten)', NULL, NULL, NULL, '2010-11-14 14:37:50', '2011-05-01 17:55:51', '2011-05-01 17:55:51'),
(181, 3, 'USB LAN port, om scanner en printer op het netwerk aan te sluiten', NULL, NULL, NULL, '2010-11-19 09:14:43', '2012-10-24 09:50:32', '2012-10-24 09:50:32'),
(182, 8, 'oprolmat voor puzzels', NULL, 5, '2012-11-25 15:27:58', '2010-11-19 20:00:54', '2012-12-06 20:37:10', '2012-12-06 20:37:10'),
(183, 8, 'setje ovenwanten', NULL, NULL, NULL, '2010-11-19 20:00:54', '2010-12-06 22:48:04', '2010-12-06 22:48:04'),
(184, 3, 'lege dvd''s', NULL, NULL, NULL, '2010-11-21 14:43:57', '2011-09-23 09:32:18', '2011-09-23 09:32:18'),
(185, 4, 'luisterCD voor in de auto', NULL, NULL, NULL, '2010-11-27 21:55:45', '2016-11-02 20:05:13', '2016-11-02 20:05:13'),
(186, 3, 'Zwarte computerboxjes', NULL, NULL, NULL, '2010-11-28 14:38:40', '2011-09-23 09:32:18', '2011-09-23 09:32:18'),
(187, 3, 'Kinect (tip: Marktplaats)', NULL, NULL, NULL, '2010-11-29 11:20:23', '2014-10-23 19:38:20', '2014-10-23 19:38:20'),
(188, 5, 'rode keuken spulletjes van email (emaille dus he!)', NULL, NULL, NULL, '2010-11-30 03:10:24', '2011-02-02 11:03:54', '2011-02-02 11:03:54'),
(189, 8, 'muts, pet of ander oren-warm-houd-ding', NULL, NULL, NULL, '2010-12-02 20:47:54', '2011-02-19 14:06:59', '2011-02-19 14:06:59'),
(190, 8, 'wake up light', 'http://www.philips.nl/c/light-therapy/schemersimulatie-hf3480_01/prd/nl/', NULL, NULL, '2010-12-02 20:47:54', '2010-12-27 13:37:55', '2010-12-27 13:37:55'),
(191, 8, 'hele warme wanten voor op de fiets', NULL, NULL, NULL, '2010-12-02 20:47:54', '2010-12-18 16:05:55', '2010-12-18 16:05:55'),
(192, 8, 'snowboots, maat 38', NULL, NULL, NULL, '2010-12-02 20:47:54', '2010-12-27 13:37:55', '2010-12-27 13:37:55'),
(193, 4, 'snowboots mt 25/ 26', NULL, NULL, NULL, '2010-12-04 11:42:03', '2010-12-07 15:21:54', '2010-12-07 15:21:54'),
(194, 7, 'Woks (van die echte grote Chinese, voor op de wokbrander)', NULL, NULL, NULL, '2010-12-06 22:50:08', '2011-11-26 17:53:03', '2011-11-26 17:53:03'),
(195, 8, 'sneeuwschuiver', NULL, NULL, '2012-10-13 11:39:29', '2010-12-18 16:05:55', '2012-12-08 14:54:16', '2012-12-08 14:54:16'),
(196, 8, 'miniSD kaart met ruim voldoende ruimte voor leuke liedjes en foto''s (meer dan 1 GB)', NULL, NULL, NULL, '2010-12-18 16:05:55', '2011-02-19 14:07:00', '2011-02-19 14:07:00'),
(197, 8, 'webcam met ingebouwd microfoontje', NULL, NULL, NULL, '2010-12-18 16:05:55', '2010-12-27 13:37:55', '2010-12-27 13:37:55'),
(198, 5, 'The Girl with the Dragon Tattoo (BOEK!)', NULL, NULL, NULL, '2010-12-19 18:41:36', '2011-08-14 23:03:11', '2011-08-14 23:03:11'),
(199, 5, 'cups voor nespresso', NULL, NULL, NULL, '2010-12-19 18:41:36', '2011-10-25 12:39:59', '2011-10-25 12:39:59'),
(200, 5, 'groot scherp vleesmes', NULL, NULL, NULL, '2010-12-19 18:41:36', '2011-02-02 11:00:43', '2011-02-02 11:00:43'),
(201, 5, 'bezem (voor binnen)', NULL, NULL, NULL, '2010-12-19 18:41:36', '2011-01-25 15:36:01', '2011-01-25 15:36:01'),
(202, 5, 'Mistborn: The Hero of Ages (eng) - deel III ', NULL, NULL, NULL, '2010-12-19 18:41:36', '2011-02-02 11:00:43', '2011-02-02 11:00:43'),
(203, 5, 'planten', NULL, NULL, NULL, '2010-12-19 18:41:36', '2011-10-25 12:39:59', '2011-10-25 12:39:59'),
(204, 5, 'Pentys', NULL, NULL, NULL, '2010-12-19 18:41:36', '2011-10-25 12:39:59', '2011-10-25 12:39:59'),
(205, 6, 'wijn', NULL, NULL, NULL, '2010-12-19 18:46:33', '2010-12-20 16:32:43', NULL),
(206, 5, '', NULL, NULL, NULL, '2010-12-20 16:25:59', '2011-01-09 17:08:30', '2011-01-09 17:08:30'),
(207, 6, 'whiskey', NULL, NULL, NULL, '2010-12-20 16:32:43', '2010-12-20 16:32:43', NULL),
(208, 6, 'sigaar, longfiller, bijvoorbeeld Partagas, Cohiba, Montecristo, San Cristobal....', NULL, NULL, NULL, '2010-12-20 16:32:43', '2010-12-20 16:32:43', NULL),
(209, 6, '', 'http://www.kampeergoed.nl/olielamp-rood-pi-4295.html?osCsid=4dad23035d1ad48093ffcb90aa568a2d', NULL, NULL, '2010-12-20 16:32:43', '2011-04-26 21:57:47', '2011-04-26 21:57:47'),
(210, 6, 'pijptang/"moordenaar" (klem, handknijp)', 'http://www.kruisgereedschappen.nl/large/1878225.jpg', NULL, NULL, '2010-12-20 16:34:12', '2011-06-17 16:53:48', '2011-06-17 16:53:48'),
(211, 6, 'vlaggenstokhouder aluminium/gietijzer, 30mm, 45 graden wandmontage', NULL, NULL, NULL, '2010-12-20 16:42:44', '2012-11-18 22:01:16', '2012-11-18 22:01:16'),
(212, 6, '', NULL, NULL, NULL, '2010-12-20 16:42:45', '2011-01-08 22:54:17', '2011-01-08 22:54:17'),
(213, 6, 'Halsdoek voor op motor (webshop:zoek nr 920740)', 'http://www.motozoom.nl/', 5, '2016-08-31 22:56:44', '2010-12-20 16:42:46', '2016-11-02 20:40:48', '2016-11-02 20:40:48'),
(214, 6, 'bankschroef groot op plaat', NULL, NULL, NULL, '2010-12-20 16:42:46', '2014-04-24 11:36:03', '2014-04-24 11:36:03'),
(215, 6, 'paddock bobbins achterburg. zilver/aluminium', NULL, NULL, NULL, '2010-12-20 16:47:35', '2012-05-18 09:40:50', '2012-05-18 09:40:50'),
(216, 6, 'harde autowas clear sonax', 'https://wwws.autoshop.nl/winkel/plaatje.php?Aid=216.200', NULL, NULL, '2010-12-20 16:47:35', '2014-04-24 11:36:19', '2014-04-24 11:36:19'),
(217, 6, 'vakken/-sorteerkast 25 lades', 'http://t3.gstatic.com/images?q=tbn:ANd9GcRE3GcV6L9DWJRNHRFsE9i_ApkCwrgQH1ii0M8AXkCF0x-U1M_aAA', NULL, NULL, '2010-12-20 16:48:53', '2014-10-27 21:10:07', '2014-10-27 21:10:07'),
(218, 5, '', NULL, NULL, NULL, '2010-12-22 15:43:54', '2011-01-09 17:08:34', '2011-01-09 17:08:34'),
(219, 5, 'klok voor aan de muur! wandecoratie', NULL, NULL, NULL, '2010-12-29 17:12:02', '2011-10-25 12:39:59', '2011-10-25 12:39:59'),
(220, 5, 'garde (ook wel " klutser" genoemd...), sjulepel, sauslepel', NULL, NULL, NULL, '2010-12-29 18:54:46', '2011-01-27 16:31:53', '2011-01-27 16:31:53'),
(221, 3, 'Dick Swaab - Wij zijn ons brein', NULL, NULL, NULL, '2011-01-06 09:17:30', '2011-10-09 16:46:59', '2011-10-09 16:46:59'),
(222, 6, '', NULL, NULL, NULL, '2011-01-08 22:49:36', '2011-01-08 22:54:17', '2011-01-08 22:54:17'),
(223, 6, '"Vademecum van historische bouwmaterialen, installaties en infrastructuur"door Piet Bot', NULL, NULL, NULL, '2011-01-08 22:49:42', '2011-01-08 22:51:36', '2011-01-08 22:51:36'),
(224, 6, '"Vademecum van historische bouwmaterialen, installaties en infrastructuur"door Piet Bot', NULL, NULL, NULL, '2011-01-08 22:49:55', '2011-01-08 22:51:36', '2011-01-08 22:51:36'),
(225, 6, '', 'http://www.bol.com/nl/p/nederlandse-boeken/vademecum-van-historische-bouwmaterialen-installaties-inf', NULL, NULL, '2011-01-08 22:54:17', '2011-01-17 18:05:33', '2011-01-17 18:05:33'),
(226, 6, 'The bumper book of bunny suicides - Auteur Andy Riley ISBN 9780340923702', NULL, NULL, NULL, '2011-01-08 23:02:43', '2011-03-10 12:46:52', '2011-03-10 12:46:52'),
(227, 6, 'Moto73 (motortijdschrift)', NULL, NULL, NULL, '2011-01-17 18:02:54', '2012-11-18 22:02:10', '2012-11-18 22:02:10'),
(228, 6, 'gechocolateerde kruidnoten puur', NULL, NULL, NULL, '2011-01-17 18:02:54', '2015-11-04 19:09:34', '2015-11-04 19:09:34'),
(229, 6, 'Vademecum van historische bouwmaterialen, installaties en infrastructuur - Auteur Piet Bot ISBN 9789087300210', NULL, NULL, NULL, '2011-01-17 18:05:26', '2011-01-17 18:05:26', NULL),
(230, 6, 'Vademecum van historische bouwmaterialen, installaties en infrastructuur - Auteur Piet Bot ISBN 9789087300210', NULL, NULL, NULL, '2011-01-17 18:05:33', '2011-01-17 18:05:53', '2011-01-17 18:05:53'),
(231, 5, 'rode keukenhanddoeken', NULL, NULL, NULL, '2011-01-18 23:00:35', '2011-02-02 11:00:43', '2011-02-02 11:00:43'),
(232, 5, 'rode keukenhanddoeken', NULL, NULL, NULL, '2011-01-18 23:03:37', '2011-01-18 23:05:47', '2011-01-18 23:05:47'),
(233, 5, 'rode keukenhanddoeken', NULL, NULL, NULL, '2011-01-18 23:04:47', '2011-01-18 23:05:47', '2011-01-18 23:05:47'),
(234, 5, 'test', NULL, NULL, NULL, '2011-01-18 23:06:15', '2011-01-18 23:36:53', '2011-01-18 23:36:53'),
(235, 5, 'Lekkere theetjes (geen citroen)', NULL, NULL, NULL, '2011-01-18 23:46:52', '2011-02-02 11:00:44', '2011-02-02 11:00:44'),
(236, 5, 'Oplader voor camera sony A330', 'http://www.aubatteries.com.au/battery-chargers/sony-a330.htm', NULL, NULL, '2011-01-18 23:47:47', '2011-08-14 23:03:13', '2011-08-14 23:03:13'),
(237, 5, 'schoonmaak magneet dingetjes voor je mobiel-scherm ', NULL, NULL, NULL, '2011-01-19 11:58:18', '2011-10-25 12:39:59', '2011-10-25 12:39:59'),
(238, 6, 'Basisboek Bouwkunde, actuele druk - Auteur A.H.L.G. Bone ', NULL, NULL, NULL, '2011-01-24 22:47:33', '2011-01-24 22:47:33', NULL),
(239, 5, 'rubik''s cube!', NULL, NULL, NULL, '2011-01-25 15:36:01', '2011-03-02 16:48:24', '2011-03-02 16:48:24'),
(240, 5, 'fietspomp', NULL, NULL, NULL, '2011-01-25 15:36:02', '2011-03-02 16:48:24', '2011-03-02 16:48:24'),
(241, 5, 'bezem voor binnen', NULL, NULL, NULL, '2011-01-27 16:31:34', '2011-01-27 16:31:53', '2011-01-27 16:31:53'),
(242, 5, 'sjulepel, sauslepel', NULL, NULL, NULL, '2011-01-27 16:38:30', '2011-03-02 16:48:24', '2011-03-02 16:48:24'),
(243, 8, '1 grote witte IKEA 365+ soepkom', NULL, NULL, NULL, '2011-03-23 11:57:57', '2011-05-01 17:55:51', '2011-05-01 17:55:51'),
(244, 8, 'nieuwe thee- en handdoeken voor de keuken', NULL, NULL, NULL, '2011-03-23 11:57:57', '2011-05-15 16:25:50', '2011-05-15 16:25:50'),
(245, 8, 'krat en/of spin voor op fietsbagagerek', NULL, NULL, NULL, '2011-03-23 11:57:57', '2011-05-01 17:55:51', '2011-05-01 17:55:51'),
(246, 6, 'Momentsleutel', NULL, NULL, '2014-04-29 16:38:25', '2011-04-26 21:57:47', '2014-05-16 14:31:40', '2014-05-16 14:31:40'),
(247, 6, 'Grote degelijke stormlantaarn (olielamp, donkergroen of zink)', NULL, NULL, NULL, '2011-04-26 21:57:47', '2014-04-24 11:36:25', '2014-04-24 11:36:25'),
(248, 6, 'Hoge druk reiniger / Kärcher', NULL, NULL, NULL, '2011-04-26 21:57:47', '2011-08-02 17:33:28', '2011-08-02 17:33:28'),
(249, 6, 'Goede koptelefoon, min. 1.5m snoer, à la oorwarmers maar dan klein...:-p', NULL, NULL, NULL, '2011-04-26 21:57:47', '2012-05-18 09:41:26', '2012-05-18 09:41:26'),
(250, 6, 'Aarde-/massaklem voor Mig/Mag lastrafo, beetje zwaar model is handig', 'http://www.toolstation.nl/shop/GYS+massaklem/p10535', NULL, NULL, '2011-04-26 21:57:47', '2011-04-26 21:57:47', NULL),
(251, 6, 'Bandenspanningsmeter, autoventiel, niet met batterij', NULL, NULL, NULL, '2011-04-26 21:59:49', '2011-04-26 21:59:49', NULL),
(252, 6, 'Kruimeldief', NULL, NULL, NULL, '2011-04-26 21:59:49', '2014-05-16 14:31:47', '2014-05-16 14:31:47'),
(253, 6, 'Bandenpomp, autobanden, met drukmeter', NULL, NULL, NULL, '2011-04-26 21:59:49', '2012-11-18 22:02:43', '2012-11-18 22:02:43'),
(254, 6, 'Subwoofer box van Evert', NULL, NULL, NULL, '2011-04-26 22:04:20', '2012-05-18 09:41:46', '2012-05-18 09:41:46'),
(255, 6, 'Messenmagneet  (voor aan muur....duh...)', NULL, NULL, NULL, '2011-04-26 22:05:34', '2011-06-17 16:53:48', '2011-06-17 16:53:48'),
(256, 6, 'Afdekkap voor over trekhaakknobbel, zwart', NULL, NULL, NULL, '2011-04-28 13:25:22', '2012-11-18 22:02:28', '2012-11-18 22:02:28'),
(257, 6, 'Stofzuiger', NULL, NULL, '2013-05-10 10:54:05', '2011-04-28 13:25:22', '2013-10-02 10:38:17', '2013-10-02 10:38:17'),
(258, 6, 'Schuurmachine, delta', NULL, NULL, NULL, '2011-04-29 11:26:48', '2011-04-29 11:26:48', NULL),
(259, 6, 'Vuilnisemmer met omhoog klappende deksel (heb nu een met naar binnen klappende, en dat is zeeeeeer irritant!), ca. 50L (Komo-zak) ', NULL, NULL, '2013-05-10 10:56:46', '2011-04-29 11:26:48', '2013-10-02 10:38:26', '2013-10-02 10:38:26'),
(260, 6, 'Recipro zaag', NULL, NULL, NULL, '2011-04-29 11:26:48', '2011-04-29 11:26:48', NULL),
(261, 6, 'Diamant dozenboor abrasief 82 mm zonder adapter (BUDGET)    B.v.:  www.ecotools.nl   art.nr.380082A', 'http://www.ecotools.nl/detail.asp?id=2255&produkt=Diamant%20dozenboor%20abrasief%2082%20mm%20zonder%', NULL, NULL, '2011-04-29 21:16:42', '2011-06-17 16:53:48', '2011-06-17 16:53:48'),
(262, 6, 'Drevelset, 8 delig   B.v. www.toolstation.nl   art.nr 44554', NULL, 5, '2012-01-05 18:52:12', '2011-05-01 16:32:57', '2012-01-05 18:53:06', '2012-01-05 18:53:06'),
(263, 6, 'Anti statische strip voor onder auto,   B.v. www.autoelectra.nl   art.nr. 0578508', 'http://www.formidotros.nl/formido/products/Anti%252dstatic-strip.html', NULL, NULL, '2011-05-01 16:38:13', '2013-10-02 10:38:40', '2013-10-02 10:38:40'),
(264, 8, 'Vlaggenstok en vlaggenstokhouder', NULL, NULL, NULL, '2011-05-01 17:55:51', '2011-08-31 19:52:28', '2011-08-31 19:52:28'),
(265, 8, 'Nederlandse vlag en wimpel', NULL, NULL, NULL, '2011-05-01 17:55:51', '2011-08-31 19:52:28', '2011-08-31 19:52:28'),
(266, 6, 'RAM houder TomTom Go 740 live      B.v.   http://snelbalie.gps.nl/shop/acc/ram_houders', 'http://snelbalie.gps.nl/shop/acc/ram_houders', NULL, NULL, '2011-05-01 22:13:18', '2014-04-24 13:03:34', '2014-04-24 13:03:34'),
(267, 6, 'Zelf bedachte, creatieve, eigenzinnige VERRASSING (geen geit o.i.d....!!!)', NULL, NULL, NULL, '2011-05-03 21:32:22', '2011-05-03 21:32:22', NULL),
(268, 8, 'e-boeken: historische romans, vrolijke fantasy-sprookjes', NULL, NULL, NULL, '2011-07-06 23:13:24', '2014-11-01 21:38:08', '2014-11-01 21:38:08'),
(269, 8, 'elektrische melkopschuimer', NULL, NULL, NULL, '2011-07-06 23:13:24', '2011-11-02 22:07:27', '2011-11-02 22:07:27'),
(270, 7, 'Elektrische heggescharen', NULL, NULL, NULL, '2011-07-24 22:08:01', '2011-07-24 22:26:19', '2011-07-24 22:26:19'),
(271, 7, 'Elektrische heggescharen', NULL, NULL, NULL, '2011-07-24 22:08:01', '2011-07-24 22:22:54', '2011-07-24 22:22:54'),
(272, 7, 'Elektrische heggescharen', NULL, NULL, NULL, '2011-07-24 22:08:01', '2013-07-29 22:35:08', '2013-07-29 22:35:08'),
(273, 7, 'Kunstvoorwerpen', NULL, NULL, NULL, '2011-07-24 22:22:54', '2011-07-24 22:22:54', NULL),
(274, 8, 'pasjesportemonnee', 'http://www.creditcardhouder.nl/webshop/PRODUCT/65/LANG/1/Aluminium-Creditcardhouder-Flowers.html', NULL, NULL, '2011-07-24 22:26:19', '2012-01-06 15:41:47', '2012-01-06 15:41:47'),
(275, 8, 'hobbyverfbenodigdheden: kleine doeken, kwasten, ezel, mengpalet et cetera', NULL, NULL, NULL, '2011-07-29 23:01:27', '2012-12-06 20:38:27', '2012-12-06 20:38:27'),
(276, 8, 'boek: ''De 100-jarige man die uit het raam klom en verdween'' van Johan Jonasson', NULL, NULL, NULL, '2011-07-29 23:01:27', '2011-11-02 22:07:27', '2011-11-02 22:07:27'),
(277, 8, 'boek: ''Joel'' van Carry Slee', NULL, NULL, NULL, '2011-07-29 23:01:27', '2012-07-14 11:06:02', '2012-07-14 11:06:02'),
(278, 8, 'boek: ''De Koning'' van Kader Abdolah', NULL, NULL, NULL, '2011-07-29 23:01:27', '2012-01-06 15:42:05', '2012-01-06 15:42:05'),
(279, 8, 'knie- elleboog- en polsbeschermers voor skeelertochtjes', NULL, NULL, NULL, '2011-07-31 21:29:05', '2012-08-25 23:52:00', '2012-08-25 23:52:00'),
(280, 8, 'Kattenluik met chip-herkenning', 'http://www.zooplus.nl/shop/katten/kattennet_kattenluik/kattenluik/petporte/145880', NULL, NULL, '2011-08-07 23:21:56', '2013-08-29 14:27:02', '2013-08-29 14:27:02'),
(281, 6, 'Sleutelvijlen', NULL, NULL, NULL, '2011-09-11 10:50:40', '2016-01-20 12:42:11', '2016-01-20 12:42:11'),
(282, 6, 'Slagschroevendraaier', NULL, NULL, NULL, '2011-09-11 10:50:40', '2016-11-02 20:41:13', '2016-11-02 20:41:13'),
(283, 6, 'Lasmagneet (meerdere is handig)', NULL, NULL, NULL, '2011-09-11 10:50:40', '2014-04-24 11:36:54', '2014-04-24 11:36:54'),
(284, 6, 'Fijnmechanische schroevendraaiers (beetje goeie die dus niet breken...)', NULL, NULL, NULL, '2011-09-11 10:50:40', '2012-02-26 15:02:56', '2012-02-26 15:02:56'),
(285, 7, 'Grote, massieve snijplanken', NULL, NULL, NULL, '2011-09-11 13:44:18', '2011-12-06 11:42:25', '2011-12-06 11:42:25'),
(286, 7, 'Braadsledes', NULL, NULL, NULL, '2011-09-11 13:46:06', '2011-12-30 23:23:05', '2011-12-30 23:23:05'),
(287, 7, 'Braadthermometers', NULL, NULL, NULL, '2011-09-11 13:46:08', '2011-12-30 23:23:10', '2011-12-30 23:23:10'),
(288, 7, 'Paspophoofden om hoeden op te bewaren', NULL, NULL, NULL, '2011-09-11 13:48:53', '2011-10-26 11:46:52', '2011-10-26 11:46:52'),
(289, 7, 'Hoeden (maat 60)', NULL, NULL, NULL, '2011-09-22 21:50:00', '2011-09-22 21:50:00', NULL),
(290, 3, 'Grillwok', NULL, NULL, NULL, '2011-09-23 13:58:19', '2013-09-23 14:05:03', '2013-09-23 14:05:03'),
(291, 7, 'Ring- en Steeksleutels', NULL, NULL, NULL, '2011-09-25 12:48:38', '2011-11-26 17:53:12', '2011-11-26 17:53:12'),
(292, 7, 'Polyester boot', NULL, NULL, NULL, '2011-09-25 12:48:38', '2014-07-09 09:09:44', '2014-07-09 09:09:44'),
(293, 8, 'Loesje scheurkalender 2012', NULL, NULL, NULL, '2011-09-29 17:04:34', '2012-01-28 21:34:17', '2012-01-28 21:34:17'),
(294, 7, 'Houten kisten voor op fiets', NULL, NULL, NULL, '2011-09-29 20:35:44', '2011-11-26 17:53:15', '2011-11-26 17:53:15'),
(295, 7, 'Houten kisten voor op fiets', NULL, NULL, NULL, '2011-09-29 20:36:22', '2011-10-03 15:15:47', '2011-10-03 15:15:47'),
(296, 3, 'logitech k400 wireless touch keyboard ', NULL, NULL, NULL, '2011-10-02 10:09:44', '2011-10-09 17:20:41', '2011-10-09 17:20:41'),
(297, 3, 'vuurkorf', NULL, NULL, NULL, '2011-10-02 21:49:33', '2011-12-12 19:56:25', '2011-12-12 19:56:25'),
(298, 3, 'evuurkorf', NULL, NULL, NULL, '2011-10-02 21:52:05', '2011-10-03 19:58:27', '2011-10-03 19:58:27'),
(299, 7, 'Pen tablets', NULL, NULL, NULL, '2011-10-05 21:55:38', '2011-11-26 17:54:00', '2011-11-26 17:54:00'),
(300, 5, 'http://www.lijstje.nl/nl/List/Open/14148', NULL, NULL, NULL, '2011-10-25 12:39:21', '2011-10-25 12:40:06', '2011-10-25 12:40:06'),
(301, 5, 'http://www.lijstje.nl/nl/List/Open/14148', NULL, NULL, NULL, '2011-10-25 12:39:59', '2011-10-25 12:40:06', '2011-10-25 12:40:06'),
(302, 5, 'kijk op www.lijstje.nl ', 'http://www.lijstje.nl/nl/List/Open/14148', NULL, NULL, '2011-10-25 12:40:27', '2011-11-26 15:54:47', '2011-11-26 15:54:47'),
(303, 5, 'kijk op www.lijstje.nl ', NULL, NULL, NULL, '2011-10-25 12:40:51', '2011-10-25 12:40:59', '2011-10-25 12:40:59'),
(304, 7, 'Gunnerkrigg Court, vol 3', 'http://www.bol.com/nl/p/engelse-boeken/gunnerkrigg-court-3/1001004011371975/index.html', NULL, NULL, '2011-10-28 12:13:08', '2011-10-31 22:41:03', '2011-10-31 22:41:03'),
(305, 8, 'zilveren horloge met dubbele band', NULL, NULL, NULL, '2011-11-02 22:35:17', '2014-11-01 21:38:25', '2014-11-01 21:38:25'),
(306, 4, 'dingen met cijfers en letters, bijv miniloco', NULL, 8, '2013-11-06 20:30:06', '2011-11-21 10:52:16', '2015-11-07 12:37:31', '2015-11-07 12:37:31'),
(307, 4, 'autootjes uit de cars-serie ( bliksem mcqueen is al binnen)', NULL, NULL, NULL, '2011-11-21 10:52:16', '2011-12-12 10:53:55', '2011-12-12 10:53:55'),
(308, 4, 'cars merchandise: liever geen (cars)zeep/ shampoo  e,d ( ivm eczeem)', NULL, 5, '2012-11-27 18:55:07', '2011-11-21 10:52:16', '2013-11-23 12:23:54', '2013-11-23 12:23:54'),
(309, 4, 'dingen met letters ( nu bij de aldi:magneetletterbord)', NULL, NULL, NULL, '2011-11-21 10:52:16', '2011-12-12 10:53:14', '2011-12-12 10:53:14'),
(310, 4, 'graafmachine, auto\\''s', NULL, NULL, NULL, '2011-11-21 10:52:16', '2014-11-13 09:56:51', '2014-11-13 09:56:51'),
(311, 9, 'speelgoed om op te bijten', NULL, NULL, NULL, '2011-11-21 10:58:02', '2012-05-29 22:28:26', '2012-05-29 22:28:26'),
(312, 9, 'leren slofjes mt 6-12 maanden', NULL, NULL, NULL, '2011-11-21 10:58:03', '2012-02-25 12:30:14', '2012-02-25 12:30:14'),
(313, 9, 'kniekousen mt 6 maanden ( want ik schop telkens m''n sokken uit,,)', NULL, NULL, NULL, '2011-11-21 10:58:03', '2011-11-21 10:58:03', '2011-11-21 10:58:03'),
(314, 9, 'Ik ben dol op Cars, Planes en Minions', NULL, NULL, NULL, '2011-11-21 10:58:03', '2015-11-07 12:39:46', '2015-11-07 12:39:46'),
(315, 9, 'speelgoed om mee te ontdekken. Geluid, beweging en het allerliefst van felgekleurd plastic:) (Vtech is wel een grappig merk)', NULL, 5, '2012-11-27 18:54:57', '2011-11-21 10:58:03', '2013-05-24 12:47:14', '2013-05-24 12:47:14'),
(316, 4, 'prentenboek puk van de petteflet ', NULL, NULL, NULL, '2011-11-21 11:04:49', '2011-11-21 11:04:49', '2011-11-21 11:04:49'),
(317, 4, 'prentenboeken (ook fijn: beetje hippe prentenboeken met bijbelverhalen)', NULL, NULL, NULL, '2011-11-21 11:04:49', '2014-11-13 09:56:56', '2014-11-13 09:56:56'),
(318, 4, 'liever geen knuffels.( ivm allergie huisstofmijt, en ik heb er al heeeel veel)', NULL, NULL, NULL, '2011-11-21 11:04:49', '2014-11-13 09:57:11', '2014-11-13 09:57:11'),
(319, 3, 'Test', NULL, NULL, NULL, '2011-11-25 22:51:45', '2011-11-25 22:51:52', '2011-11-25 22:51:52'),
(320, 5, 'decopatch papier en kwastjes', 'http://www.google.nl/search?q=decopatch&hl=nl&prmd=ivns&tbm=isch&tbo=u&source=univ&sa=X&ei=aGqATuKXH', NULL, NULL, '2011-11-26 15:52:17', '2012-09-20 10:16:01', '2012-09-20 10:16:01'),
(321, 5, 'strip YTHAQ', 'http://www.stripweb.be', NULL, NULL, '2011-11-26 15:53:31', '2011-11-26 15:54:18', '2011-11-26 15:54:18'),
(322, 5, 'strip YTHAQ', 'http://www.stripweb.be/default.asp?soort=Alles&trefwoord=ythaq', NULL, NULL, '2011-11-26 15:54:27', '2011-11-26 15:54:41', '2011-11-26 15:54:41'),
(323, 5, 'strip YTHAQ deel 2: dubbelgangers', 'http://www.stripweb.be/S-stripverhaal-dubbelgangers-bestellen-6662.asp', NULL, NULL, '2011-11-26 15:54:35', '2013-09-01 21:37:21', '2013-09-01 21:37:21'),
(324, 5, 'STrip SLHOKA', 'http://www.stripweb.be/default.asp?soort=Alles&trefwoord=SLHOKA', NULL, NULL, '2011-11-26 15:55:22', '2011-11-26 15:55:37', '2011-11-26 15:55:37'),
(325, 5, 'Strip SLHOKA deel 1', 'http://www.stripweb.be/default.asp?soort=Alles&trefwoord=SLHOKA', NULL, NULL, '2011-11-26 15:55:29', '2012-06-28 20:46:07', '2012-06-28 20:46:07'),
(326, 5, 'boeken van Toon Telligen', NULL, NULL, NULL, '2011-11-26 15:55:59', '2012-06-28 20:48:57', '2012-06-28 20:48:57'),
(327, 5, 'schoenpoets transparent met eigen borstel', NULL, NULL, NULL, '2011-11-26 15:56:27', '2012-06-28 20:46:16', '2012-06-28 20:46:16'),
(328, 5, 'witte oorbellen', NULL, NULL, NULL, '2011-11-26 15:56:40', '2012-01-05 18:49:20', '2012-01-05 18:49:20'),
(329, 5, 'penty\\''s diagonale streepjes / bloemen', NULL, NULL, NULL, '2011-11-26 15:56:51', '2011-11-26 15:58:36', '2011-11-26 15:58:36'),
(330, 5, 'schuifspeltje/haarklemmetjes met bloem alle kleuren', 'http://www.droomdecor.nl/components/com_virtuemart/shop_image/product/Haarklem_bloem_w_4df3c33c74c61', NULL, NULL, '2011-11-26 15:57:42', '2011-11-26 15:58:30', '2011-11-26 15:58:30'),
(331, 5, 'schuifspeltje/haarklemmetjes met bloem alle kleuren', 'http://www.droomdecor.nl/components/com_virtuemart/shop_image/product/Haarklem_bloem_w_4df3c33c74c61', NULL, NULL, '2011-11-26 15:58:25', '2011-11-27 18:02:37', '2011-11-27 18:02:37'),
(332, 5, 'penty zwar met bloemenmotiefge', NULL, NULL, NULL, '2011-11-26 16:52:09', '2012-01-05 18:50:11', '2012-01-05 18:50:11'),
(333, 7, 'Pen tablets', 'http://www.wacom.eu/index2.asp?pid=294&spid=1', NULL, NULL, '2011-11-26 17:53:57', '2012-09-21 08:39:35', '2012-09-21 08:39:35'),
(334, 3, 'Eierprikker', NULL, 4, '2012-10-21 19:42:38', '2011-11-27 12:53:00', '2012-10-24 09:50:37', '2012-10-24 09:50:37'),
(335, 5, 'schuifspeltje/haarklemmetjes met bloem alle kleuren', 'http://www.jouwpetticoat.nl/images/productimages/smaller/Noa%20haar%20bloem%20roos.JPG', NULL, NULL, '2011-11-27 18:02:27', '2011-11-27 18:03:06', '2011-11-27 18:03:06'),
(336, 5, 'schuifspeltje/haarklem met bloem alle kleuren', 'http://www.jouwpetticoat.nl/images/productimages/smaller/Noa%20haar%20bloem%20roos.JPG', NULL, NULL, '2011-11-27 18:03:00', '2012-01-30 21:14:35', '2012-01-30 21:14:35'),
(337, 5, 'rechtop-houders voor laarzen', NULL, NULL, NULL, '2011-11-27 18:13:49', '2012-01-04 14:25:40', '2012-01-04 14:25:40'),
(338, 5, 'schoenpoets zwart met eigen borstel', NULL, NULL, NULL, '2011-11-27 18:14:01', '2012-06-28 20:46:20', '2012-06-28 20:46:20'),
(339, 5, 'gekke zonnebril (smal hoofd!)', NULL, NULL, NULL, '2011-11-27 18:14:11', '2012-01-12 19:45:27', '2012-01-12 19:45:27'),
(340, 5, 'Camera cleaner kit', 'http://www.camera.nl/Catalogus/BekijkProduct/ECLIPSE/SURVIVAL-KIT-2-8716634031243/?utm_source=m4n&ut', NULL, NULL, '2011-11-27 18:14:41', '2012-09-20 10:15:57', '2012-09-20 10:15:57'),
(341, 5, 'schoonmaak magneetje voor mijn mobiel', NULL, NULL, NULL, '2011-11-27 18:14:52', '2012-09-20 10:15:53', '2012-09-20 10:15:53'),
(342, 5, ' losse thee (geen citrusvruchten/mint)', NULL, NULL, NULL, '2011-11-27 18:15:00', '2012-01-30 21:14:43', '2012-01-30 21:14:43'),
(343, 5, 'Het beste idee van Nederland AH Snelschiller', NULL, NULL, NULL, '2011-11-27 18:15:12', '2012-01-07 20:18:13', '2012-01-07 20:18:13'),
(344, 5, 'Fruitschaal (zwart, wit, rood)', NULL, NULL, NULL, '2011-11-27 18:15:34', '2011-11-27 18:16:15', '2011-11-27 18:16:15'),
(345, 5, 'Fruitschaal (zwart of wit of rood)', NULL, NULL, NULL, '2011-11-27 18:15:47', '2012-01-07 20:18:07', '2012-01-07 20:18:07'),
(346, 5, 'Planten voor in de woonkamer', NULL, NULL, NULL, '2011-11-27 18:15:54', '2012-01-30 21:14:49', '2012-01-30 21:14:49'),
(347, 5, 'grote klok', NULL, NULL, NULL, '2011-11-27 18:16:03', '2012-11-13 15:59:05', '2012-11-13 15:59:05'),
(348, 5, 'slofsokken', NULL, NULL, NULL, '2011-11-28 16:31:18', '2012-01-04 14:25:58', '2012-01-04 14:25:58'),
(349, 3, 'Wok met steel en teflon laag', NULL, NULL, NULL, '2011-11-29 15:36:01', '2012-03-14 19:35:32', '2012-03-14 19:35:32'),
(350, 3, 'rijstkoker', NULL, 5, '2012-09-24 12:30:13', '2011-11-29 15:36:22', '2012-10-06 12:04:30', '2012-10-06 12:04:30'),
(351, 8, 'ronde kaarsen (bolletjesvorm)', NULL, NULL, NULL, '2011-12-04 21:09:44', '2012-08-25 23:52:16', '2012-08-25 23:52:16'),
(352, 7, 'Joe Abercrombie - De macht van het zwaard', 'http://www.bol.com/nl/p/nederlandse-boeken/de-macht-van-het-zwaard/1001004006200480/index.html', NULL, NULL, '2011-12-06 11:42:15', '2013-02-11 15:30:59', '2013-02-11 15:30:59'),
(353, 4, 'kindergereedschap', NULL, NULL, NULL, '2011-12-12 10:54:33', '2012-10-21 19:42:27', '2012-10-21 19:42:27'),
(354, 4, 'kindergereedschap', NULL, NULL, NULL, '2011-12-12 10:54:43', '2011-12-12 10:54:48', '2011-12-12 10:54:48'),
(355, 3, 'pastamachine', NULL, NULL, '2012-10-05 09:23:11', '2011-12-12 19:57:24', '2012-10-24 09:50:39', '2012-10-24 09:50:39'),
(356, 7, 'Goede Pepermolens', NULL, NULL, NULL, '2011-12-30 23:22:29', '2012-06-27 11:10:38', '2012-06-27 11:10:38'),
(357, 3, 'Curry kookboek', NULL, NULL, '2012-09-28 19:51:39', '2012-01-03 23:01:06', '2012-10-06 12:04:20', '2012-10-06 12:04:20'),
(358, 5, 'penty maat L', NULL, NULL, NULL, '2012-01-07 20:18:47', '2013-09-01 21:37:24', '2013-09-01 21:37:24'),
(359, 3, 'CYBORG R.A.T. 3 Gaming Mouse', 'http://www.computerland.nl/a/site/itemimages/large/80001258.jpg', NULL, NULL, '2012-01-09 09:57:32', '2012-05-09 14:20:21', '2012-05-09 14:20:21'),
(360, 5, 'muis voor mijn laptop (met draadje)', NULL, NULL, NULL, '2012-01-12 19:45:01', '2012-06-28 20:46:29', '2012-06-28 20:46:29');
INSERT INTO `wishes` (`id`, `user_id`, `description`, `link`, `claimed_by`, `claimed_at`, `created_at`, `updated_at`, `deleted_at`) VALUES
(361, 5, 'Kleine krachtige stofzuiger (oude is ontploft)', 'http://www.bol.com/nl/p/tristar-stofzuiger-sz-1903/9000000011789530/', NULL, NULL, '2012-01-14 16:41:30', '2013-09-01 21:37:26', '2013-09-01 21:37:26'),
(362, 5, 'donker paarse kaarsen', 'http://www.google.nl/search?q=donker+paarse+kaarsen&hl=nl&prmd=imvns&tbm=isch&tbo=u&source=univ&sa=X', NULL, NULL, '2012-01-14 16:43:00', '2012-01-30 21:14:57', '2012-01-30 21:14:57'),
(363, 8, 'boek \\''Rode Sneeuw in december\\'' van Simone van der Vlugt', 'http://www.bol.com/nl/p/nederlandse-boeken/rode-sneeuw-in-december/1001004011538311/index.html', NULL, NULL, '2012-01-28 21:35:04', '2012-04-12 22:49:24', '2012-04-12 22:49:24'),
(364, 8, 'boek \\''Relishow\\'' van Arie Boonsma', 'http://www.bol.com/nl/p/nederlandse-boeken/relishow/1001004011252365/index.html', NULL, NULL, '2012-01-28 21:35:34', '2012-08-25 23:52:22', '2012-08-25 23:52:22'),
(365, 8, 'boek \\''Vergeten waarom ik vanje hou\\'' van Gabrielle Zevin', 'http://www.bol.com/nl/p/nederlandse-boeken/vergeten-waarom-ik-van-je-hou/1001004011538285/index.html', NULL, NULL, '2012-01-28 21:39:50', '2012-08-25 23:52:24', '2012-08-25 23:52:24'),
(366, 7, 'SF Boeken (Greg Elan)', NULL, NULL, NULL, '2012-02-28 19:05:10', '2012-02-28 19:05:21', '2012-02-28 19:05:21'),
(367, 9, 'bumbo', NULL, NULL, NULL, '2012-03-02 22:16:08', '2012-05-29 22:28:13', '2012-05-29 22:28:13'),
(368, 3, 'usb autolader', 'https://www.google.nl/search?q=USB+AUTOLADER&ie=utf-8&oe=utf-8&aq=t&rls=org.mozilla:en-US:official&c', NULL, NULL, '2012-03-14 19:34:19', '2012-07-28 22:42:48', '2012-07-28 22:42:48'),
(369, 6, 'Zahnriemenspannungsprüfer Universal VAG VW210 VW 210', 'http://www.ebay.de/itm/ws/eBayISAPI.dll?ViewItem&item=380145319194&category=83595', NULL, NULL, '2012-04-18 13:25:06', '2014-04-24 11:37:04', '2014-04-24 11:37:04'),
(370, 6, 'VAG VW TDI T3 T4 Golf Diesel Einspritzpumpe 2066 2065 A', 'http://www.ebay.nl/itm/VAG-VW-TDI-T3-T4-Golf-Diesel-Einspritzpumpe-2066-2065-A-/380167860410?pt=Spez', NULL, NULL, '2012-04-18 13:25:42', '2013-10-09 13:32:42', '2013-10-09 13:32:42'),
(371, 6, 'spiegels T25 (t3)', 'http://www.ebay.nl/itm/VW-CAMPER-TRANSPORTER-T25-DOOR-MIRROR-PAIR-C430-/190598277218?pt=UK_CarsParts', NULL, NULL, '2012-04-18 13:48:15', '2012-05-18 09:57:02', '2012-05-18 09:57:02'),
(372, 3, 'Richard A Knaak - Sin War - deel 3', 'http://us.media4.battle.net/cms/blog_header/CP31T1W3HTRG1314840610004.jpg', 8, '2016-11-20 12:12:52', '2012-05-09 14:20:02', '2016-12-14 10:00:19', '2016-12-14 10:00:19'),
(373, 6, 'Olie opvang bak, bijvoorbeeld zie link', 'http://www.autogereedschap.com/a-23313085/olie-opvangbakken-en-opvang-units/olie-opvang-bak-rodac-8-', NULL, NULL, '2012-05-18 09:40:26', '2012-05-18 09:40:26', NULL),
(374, 6, 'T3 spatlappen', 'http://transporter-techniek.nl/Stef/', NULL, NULL, '2012-05-18 09:48:27', '2012-05-18 09:48:27', NULL),
(375, 6, 'T3 raamrubber achterruit', 'http://www.poptopshop.nl/a-17466245/t3-ramen-en-rubbers/raamrubber-achterruit', NULL, NULL, '2012-05-18 09:50:58', '2012-05-18 09:50:58', NULL),
(376, 6, 'T3 spiegel links', 'http://transporter-techniek.nl/Stef/', NULL, NULL, '2012-05-18 09:55:22', '2015-04-26 14:04:15', '2015-04-26 14:04:15'),
(377, 6, 'T3 spiegel rechts', 'http://transporter-techniek.nl/Stef/', NULL, NULL, '2012-05-18 09:55:31', '2016-01-20 12:42:16', '2016-01-20 12:42:16'),
(378, 6, 'putsschepje', NULL, NULL, NULL, '2012-05-18 09:57:47', '2014-04-24 11:37:19', '2014-04-24 11:37:19'),
(379, 6, 'zweihaak', NULL, NULL, NULL, '2012-05-18 09:57:52', '2014-05-16 14:31:53', '2014-05-16 14:31:53'),
(380, 6, 'trekveer', NULL, NULL, NULL, '2012-05-18 09:57:58', '2012-11-18 22:02:46', '2012-11-18 22:02:46'),
(381, 6, 'buigveer 5/8', NULL, NULL, NULL, '2012-05-18 09:58:56', '2012-11-18 22:03:28', '2012-11-18 22:03:28'),
(382, 6, 'buigveer 3/4', NULL, NULL, NULL, '2012-05-18 09:59:01', '2012-11-18 22:03:34', '2012-11-18 22:03:34'),
(383, 6, 'contactgrill met wafelijzer, poffertjes, enz', '', NULL, NULL, '2012-05-18 09:59:21', '2017-04-25 17:31:04', NULL),
(384, 6, 'goede pepermolen, beetje handzaam', NULL, NULL, NULL, '2012-05-18 09:59:36', '2014-04-24 13:05:02', '2014-04-24 13:05:02'),
(385, 6, 'garage zeep', NULL, NULL, NULL, '2012-05-18 09:59:45', '2012-11-18 22:03:52', '2012-11-18 22:03:52'),
(386, 6, 'snijtappen set (machinetap) + houder (diverse maten?) ', 'http://www.gereedschapbestellen.nl/hand-werkplaatsgereedschap/boren-frezen-tappen/snijtappen-platen?', NULL, '2014-04-29 16:43:47', '2012-05-18 10:03:11', '2014-10-27 21:12:22', '2014-10-27 21:12:22'),
(387, 6, 'gereedschapskoffer', NULL, NULL, NULL, '2012-05-18 10:03:30', '2015-04-26 14:05:56', '2015-04-26 14:05:56'),
(388, 6, 'beetje degelijke handsnoeischaar', NULL, NULL, NULL, '2012-05-18 10:04:11', '2012-11-18 22:04:10', '2012-11-18 22:04:10'),
(389, 8, 'boxopbergzak (fel kleurtje!)', 'http://www.kinderwebwinkel.nl/babybox-en-toebehoren/boxopbergzak/jollein/', NULL, NULL, '2012-05-27 13:54:48', '2012-06-02 22:00:22', '2012-06-02 22:00:22'),
(390, 9, 'snap lock rups (fisher price)', NULL, NULL, NULL, '2012-05-29 22:36:15', '2012-09-25 19:21:20', '2012-09-25 19:21:20'),
(391, 9, 'stapelauto\\''s (fisher price)', NULL, NULL, NULL, '2012-05-29 22:36:50', '2013-05-24 12:47:22', '2013-05-24 12:47:22'),
(392, 9, 'badcape (hema o.a)', NULL, 8, '2012-11-11 23:05:00', '2012-05-29 22:37:24', '2013-05-24 12:47:26', '2013-05-24 12:47:26'),
(393, 9, 'toffe pyama mt 86/92 ', NULL, NULL, NULL, '2012-05-29 22:38:02', '2013-11-23 12:31:35', '2013-11-23 12:31:35'),
(394, 9, 'kekke shirts mt 86/92', NULL, NULL, NULL, '2012-05-29 22:38:13', '2013-11-23 12:31:39', '2013-11-23 12:31:39'),
(395, 10, 'boxopbergzak (fel kleurtje!)', 'http://www.kinderwebwinkel.nl/babybox-en-toebehoren/boxopbergzak/jollein/', NULL, NULL, '2012-06-01 15:14:06', '2013-10-26 23:02:52', '2013-10-26 23:02:52'),
(396, 10, 'Walter Trollinchen (houten speelgoedrups) o.a. verkrijgbaar bij speelgoedwinkel Mascot (KorteHoutstraat DenHaag)', 'http://www.google.nl/imgres?um=1&hl=nl&sa=N&biw=1600&bih=799&tbm=isch&tbnid=16DthbqPU3nS0M:&imgrefur', NULL, NULL, '2012-06-01 15:16:12', '2013-10-26 23:02:58', '2013-10-26 23:02:58'),
(397, 10, 'Bugaboo parasol (beige of zwart)', 'http://www.babyentiener.nl/parasol-bugaboo-zand.html', NULL, NULL, '2012-06-01 15:18:24', '2013-04-28 12:07:25', '2013-04-28 12:07:25'),
(398, 10, 'slaapzak / trappelzak (maat 80<, liefst met mouwen)', 'http://www.hema.nl/winkel/hobby-en-vrije-tijd/vakantie-en-onderweg/kamperen/slaapzakken/babyslaapzak', NULL, NULL, '2012-06-01 15:18:56', '2012-12-06 20:39:49', '2012-12-06 20:39:49'),
(399, 10, 'badcape', NULL, NULL, NULL, '2012-06-01 15:19:21', '2012-10-01 00:22:37', '2012-10-01 00:22:37'),
(400, 10, 'spenenketting', NULL, NULL, NULL, '2012-06-01 15:20:35', '2012-11-06 21:51:12', '2012-11-06 21:51:12'),
(401, 10, 'speelgoed voor in de box', NULL, NULL, NULL, '2012-06-01 15:20:54', '2012-08-26 15:43:39', '2012-08-26 15:43:39'),
(402, 10, 'rompertjes (in allerlei kleuren)', NULL, NULL, NULL, '2012-06-01 15:21:21', '2012-06-27 09:48:18', '2012-06-27 09:48:18'),
(403, 10, 'autostoelspeeltje', NULL, NULL, NULL, '2012-06-01 15:21:56', '2012-08-26 15:43:46', '2012-08-26 15:43:46'),
(404, 10, 'kleding (maat 116)', '', NULL, NULL, '2012-06-02 21:59:39', '2017-05-19 15:27:27', NULL),
(405, 10, 'financiele bijdrage  voor gift aan Stichting Jarige Job', 'http://www.jarige-job.nl', NULL, NULL, '2012-06-11 21:29:29', '2012-07-14 11:07:51', '2012-07-14 11:07:51'),
(406, 10, 'Badthermometer in kikkervorm', 'http://www.wehkamp.nl/mama-kind/luiers-verzorging/meetapparatuur/alecto-bad-(kikker)-thermometer/C50', NULL, NULL, '2012-06-24 10:49:17', '2012-12-06 20:39:55', '2012-12-06 20:39:55'),
(407, 10, 'kleurrijk boxkleed (90 x 75 cm)', NULL, NULL, NULL, '2012-06-24 10:58:44', '2012-09-07 00:02:16', '2012-09-07 00:02:16'),
(408, 10, 'dunne katoenen lakentjes voor ledikantje (alle kleuren welkom) 120*60cm', NULL, NULL, NULL, '2012-06-27 09:48:57', '2014-07-23 11:11:03', '2014-07-23 11:11:03'),
(409, 3, 'Universele Mobieltjes Autohouder', 'http://www.tradekantoor.nl/picture_library/HOUDER-MDA-2.jpg', NULL, NULL, '2012-06-27 14:02:59', '2012-07-28 22:42:43', '2012-07-28 22:42:43'),
(410, 5, 'hoesje voor mijn tomtom (rider)', 'http://www.gpsshop.nl/product/140983/category-3762-navigatie-hoesjes/case-logic-universele-reistas-g', NULL, NULL, '2012-06-28 20:45:20', '2015-10-02 17:15:12', '2015-10-02 17:15:12'),
(411, 10, 'gebreide deken', 'http://www.hema.nl/winkel/babyspullen/bed/ledikantdeken-(33328700)', NULL, NULL, '2012-07-14 12:45:56', '2012-09-07 00:02:23', '2012-09-07 00:02:23'),
(412, 8, 'oppas', NULL, NULL, NULL, '2012-08-30 23:08:36', '2012-11-02 10:26:29', '2012-11-02 10:26:29'),
(413, 3, 'geld voor SSD', 'http://www.leerwiki.nl/Wat_is_een_solid_state_disk_of_SSD', NULL, NULL, '2012-09-10 20:43:24', '2012-10-24 09:50:44', '2012-10-24 09:50:44'),
(414, 2, 'Boek: De krans van de boogschutter. Julian May. 3e deel van de kronieken van Rampart. Mag 2e hands', NULL, 3, '2014-11-13 09:44:02', '2012-09-11 00:42:58', '2015-09-26 16:39:08', '2015-09-26 16:39:08'),
(415, 2, 'Boeken: Het galactisch bestel, Julian May deel 2, 3, 4, 5 : De interventie, Jack, Diamanten masker en Magnificat. Ook deze 2e hands prima', NULL, NULL, NULL, '2012-09-11 00:44:56', '2015-12-08 03:58:53', '2015-12-08 03:58:53'),
(416, 2, 'geurtje: Calvin Klein: Eternity', NULL, NULL, NULL, '2012-09-11 00:49:46', '2012-09-11 21:54:33', '2012-09-11 21:54:33'),
(417, 2, 'buitenlamp met een kaarsje', NULL, NULL, NULL, '2012-09-11 02:31:59', '2014-03-15 01:25:52', '2014-03-15 01:25:52'),
(418, 2, 'bolletjes wol voor een leuk truitje, jasje voor een kleinkind, liefst met patroon!', NULL, NULL, NULL, '2012-09-11 02:34:34', '2014-03-15 01:25:20', '2014-03-15 01:25:20'),
(419, 5, 'splinter verwijder kroontjes pen ala papa', NULL, NULL, NULL, '2012-09-16 12:49:44', '2013-02-13 15:15:41', '2013-02-13 15:15:41'),
(420, 5, 'e-reader (leanne versie)', NULL, NULL, NULL, '2012-09-16 12:50:42', '2014-06-04 22:55:36', '2014-06-04 22:55:36'),
(421, 5, 'computer muis (met draad)', NULL, NULL, NULL, '2012-09-16 12:51:16', '2013-09-01 21:37:32', '2013-09-01 21:37:32'),
(422, 5, 'Afstandsbediening camera (RMT-DSLR1)', 'https://www.google.nl/search?q=RMT-DSLR1&aq=f&sugexp=chrome,mod%3D1&um=1&ie=UTF-8&hl=nl&tbm=isch&sou', NULL, NULL, '2012-09-20 10:17:44', '2013-09-01 21:37:36', '2013-09-01 21:37:36'),
(423, 5, 'Fietslampjes (met elastiekje)', NULL, 8, '2012-11-11 22:49:48', '2012-09-20 10:20:28', '2012-12-06 16:40:19', '2012-12-06 16:40:19'),
(424, 5, 'kerstlichtjes op batterij', NULL, NULL, NULL, '2012-09-20 10:21:37', '2013-01-12 19:25:28', '2013-01-12 19:25:28'),
(425, 5, 'Lege thee zakjes voor losse thee', NULL, 8, '2012-11-14 16:07:05', '2012-09-20 10:21:58', '2012-12-06 16:40:24', '2012-12-06 16:40:24'),
(426, 5, 'mini notitieboekjes (voor vakanties)', 'https://www.google.nl/search?q=notitieboekjes&hl=nl&prmd=imvns&tbm=isch&tbo=u&source=univ&sa=X&ei=Xt', NULL, NULL, '2012-09-20 10:23:11', '2013-01-12 19:25:33', '2013-01-12 19:25:33'),
(427, 5, 'Motor regenhoes (suzuki 600cc)', NULL, NULL, NULL, '2012-09-20 10:31:05', '2013-11-20 14:31:18', '2013-11-20 14:31:18'),
(428, 7, 'Goede koptelefoons voor onderweg (opvouwbaar)', NULL, 5, '2012-09-28 20:25:13', '2012-09-21 08:46:06', '2012-10-11 15:59:54', '2012-10-11 15:59:54'),
(429, 7, 'Degelijke schoolboekentassen', NULL, NULL, '2012-10-04 11:19:26', '2012-09-21 08:46:32', '2012-11-06 22:04:18', '2012-11-06 22:04:18'),
(430, 3, 'Stephen King - De wind door het sleutelgat', 'http://www.bol.com/nl/p/de-donkere-toren-de-wind-door-het-sleutelgat/9200000002161018/', NULL, '2014-10-02 09:37:21', '2012-09-23 16:26:04', '2014-10-04 13:21:49', '2014-10-04 13:21:49'),
(431, 3, 'in-ear oordopjes', 'http://actie.eneco.nl/Images/Thumbnails/400_450_5295_Philips_in-ear_hoofdtelefoon_SHE8500_00.jpg', NULL, NULL, '2012-09-23 21:08:55', '2012-10-24 09:50:46', '2012-10-24 09:50:46'),
(432, 5, 'bosatlas', NULL, NULL, NULL, '2012-09-24 12:27:04', '2014-09-28 18:45:54', '2014-09-28 18:45:54'),
(433, 5, 'Normale Koptelefoon', 'http://gadgetshow.channel5.com/upload/0006/2909/skullcandy_TI_web_iso_size_10.jpg', NULL, NULL, '2012-09-28 20:32:24', '2014-06-04 22:55:50', '2014-06-04 22:55:50'),
(434, 5, 'Bad speaker', 'http://www.bestelkado.nl/cadeau_kado_8864/iduck-draadloze-speaker.html', NULL, NULL, '2012-09-28 20:43:25', '2013-02-13 15:15:52', '2013-02-13 15:15:52'),
(435, 10, 'witte deken voor ledikantje (120*60cm)', NULL, NULL, NULL, '2012-10-01 00:23:18', '2013-10-26 23:03:12', '2013-10-26 23:03:12'),
(436, 8, 'verjaardagskalender', NULL, NULL, NULL, '2012-10-04 10:56:31', '2012-10-17 21:52:33', '2012-10-17 21:52:33'),
(437, 10, 'voedingstoren', 'http://cdn.webshopapp.com/i/zzvslv/210x175x2/melkpoedertoren.jpg', NULL, NULL, '2012-10-04 10:57:42', '2012-10-17 21:54:24', '2012-10-17 21:54:24'),
(438, 10, 'doeken om in te bakenen', 'http://www.bol.com/nl/p/lodger-wrapper-motion-inwikkeldeken-speelkleed-ineen-ultramarine/92000000054', NULL, NULL, '2012-10-04 10:58:44', '2012-11-06 21:50:32', '2012-11-06 21:50:32'),
(439, 10, 'boekje met verschillende inbaken-instructies', 'http://www.bol.com/nl/p/baby-gami/1001004002450471/', NULL, NULL, '2012-10-04 10:59:08', '2012-11-06 21:50:36', '2012-11-06 21:50:36'),
(440, 8, 'knijpermandje', NULL, NULL, NULL, '2012-10-04 14:20:58', '2014-09-05 16:45:50', '2014-09-05 16:45:50'),
(441, 8, 'snowboots (maat 38)', NULL, NULL, NULL, '2012-10-05 15:15:45', '2013-02-12 23:49:24', '2013-02-12 23:49:24'),
(442, 8, 'culinair paletmes (metalen spatel voor glazuur op taarten)', NULL, NULL, NULL, '2012-10-05 15:16:22', '2012-10-16 23:48:58', '2012-10-16 23:48:58'),
(443, 8, 'kadobon voor e-boeken van Kobo', 'http://www.kobobooks.nl/egiftcards', NULL, NULL, '2012-10-09 11:52:59', '2013-07-06 21:09:27', '2013-07-06 21:09:27'),
(444, 8, 'reishoesje voor e-reader', NULL, NULL, NULL, '2012-10-10 10:01:52', '2013-09-04 21:02:51', '2013-09-04 21:02:51'),
(445, 10, 'oppas', NULL, NULL, NULL, '2012-10-17 21:53:04', '2017-05-19 15:27:22', '2017-05-19 15:27:22'),
(446, 3, 'thermos beker', NULL, NULL, NULL, '2012-10-24 09:51:22', '2012-12-07 16:08:12', '2012-12-07 16:08:12'),
(447, 8, 'stamppotpan', NULL, NULL, NULL, '2012-11-02 10:25:49', '2013-01-13 22:48:06', '2013-01-13 22:48:06'),
(448, 8, 'fietsbel', NULL, NULL, NULL, '2012-11-02 10:26:02', '2013-01-13 22:48:02', '2013-01-13 22:48:02'),
(449, 10, 'rammelaar', NULL, NULL, NULL, '2012-11-06 21:51:08', '2013-01-13 22:48:50', '2013-01-13 22:48:50'),
(450, 10, 'extra Saar (favoriete knuffelpop, roze)', 'http://www.difrax.nl/nl/producten/speelgoed/knuffels-groot/1000,-449/knuffeldoek-soft#variant:451', NULL, NULL, '2012-11-06 21:59:58', '2013-02-12 23:48:04', '2013-02-12 23:48:04'),
(451, 10, 'Bruin Bont Buik Beest', 'http://www.difrax.nl/nl/producten/speelgoed/knuffels-groot/1000,-528/bont-buik-beest#variant:529', NULL, NULL, '2012-11-06 22:02:40', '2012-11-11 22:26:43', '2012-11-11 22:26:43'),
(452, 8, 'kookboek \\''Jamie in 15 minuten\\''(by Jamie Oliver)', NULL, NULL, NULL, '2012-11-07 16:53:35', '2012-12-06 20:38:44', '2012-12-06 20:38:44'),
(453, 8, 'stapeltje washandjes', NULL, NULL, NULL, '2012-11-07 16:53:45', '2012-12-06 20:38:49', '2012-12-06 20:38:49'),
(454, 8, 'olijfzeep (blok of tube)', NULL, 10, '2012-11-14 16:09:40', '2012-11-10 15:18:03', '2012-12-08 14:54:30', '2012-12-08 14:54:30'),
(455, 10, 'magnetronreiniger voor flessen', 'http://www.hema.nl/winkel/baby-en-kind/verzorging/babyverzorging/eten-en-drinken/magnetron-sterilisa', NULL, NULL, '2012-11-11 21:51:43', '2013-01-13 22:48:55', '2013-01-13 22:48:55'),
(456, 7, 'Pannen', NULL, NULL, NULL, '2012-11-11 21:59:29', '2013-02-11 15:31:47', '2013-02-11 15:31:47'),
(457, 7, 'Ringbanden (A4)', NULL, NULL, NULL, '2012-11-11 22:16:38', '2013-02-11 15:31:38', '2013-02-11 15:31:38'),
(458, 7, 'Tabbladen', NULL, NULL, NULL, '2012-11-11 22:25:07', '2013-02-11 15:31:35', '2013-02-11 15:31:35'),
(459, 7, 'Papier voor ringband (gestreept)', NULL, NULL, NULL, '2012-11-11 22:25:46', '2013-07-29 22:35:16', '2013-07-29 22:35:16'),
(460, 10, 'ouderwetse bromtol', NULL, 5, '2012-11-25 15:32:47', '2012-11-11 22:25:52', '2012-12-06 20:40:06', '2012-12-06 20:40:06'),
(461, 10, 'soksloffen', 'http://www.hema.nl/winkel/baby-en-kind/kleding/babykleding/meisjes/accessoires/newborn-slof-(3330180', NULL, NULL, '2012-11-12 20:24:23', '2013-01-13 22:49:01', '2013-01-13 22:49:01'),
(462, 10, 'wanten (met een touwtje)', 'http://www.hema.nl/winkel/hobby-en-vrije-tijd/vakantie-en-onderweg/wintersport/handschoenen-mutsen-s', NULL, NULL, '2012-11-12 20:25:09', '2012-12-06 20:40:15', '2012-12-06 20:40:15'),
(463, 4, 'spelletje, boekje, dingetje over klokkijken. ( klok heeft sint al:)', NULL, NULL, NULL, '2012-11-13 21:26:45', '2014-11-13 09:57:18', '2014-11-13 09:57:18'),
(464, 4, 'plastic zwaard voor bij mijn ridderpak', NULL, NULL, NULL, '2012-11-13 21:28:22', '2015-11-07 12:37:36', '2015-11-07 12:37:36'),
(465, 4, 'kinderbordspellen (stef stuntpiloot, haaienspel etc)', 'http://www.bol.com/nl/p/haaienspel/1004004007095934/', NULL, NULL, '2012-11-13 21:30:08', '2016-11-02 20:05:11', '2016-11-02 20:05:11'),
(466, 4, 'croquetspel voor binnen ', 'https://online.kruidvat.nl/product/70068/HoutenCroquetespel.html?token=-1', 2, '2012-11-23 01:26:28', '2012-11-13 21:30:36', '2012-12-09 21:24:17', '2012-12-09 21:24:17'),
(467, 4, 'angry birds werpspel', 'https://online.kruidvat.nl/product/70833-75484/Angrybirdswerpspel.html?parentid=13980000000115&navig', NULL, NULL, '2012-11-13 21:30:53', '2012-12-09 21:24:46', '2012-12-09 21:24:46'),
(468, 4, 'Vertelbijbel (Bob Hartman)', 'http://www.kinderbijbels.nl/Vertelbijbel-p-0_1_2-d-105-t-2.html', NULL, NULL, '2012-11-13 21:37:13', '2013-11-23 12:24:18', '2013-11-23 12:24:18'),
(469, 10, 'traditioneel wit houten hobbelpaard', 'http://petitpuk.nl/hobbelpaardjes', NULL, NULL, '2012-11-13 21:42:07', '2013-07-06 21:10:34', '2013-07-06 21:10:34'),
(470, 9, 'badspeelgoed ( boot, waterrad oid)', NULL, NULL, NULL, '2012-11-13 22:14:36', '2013-11-23 12:31:49', '2013-11-23 12:31:49'),
(471, 9, 'little people ', NULL, NULL, NULL, '2012-11-13 22:15:03', '2014-11-13 10:04:30', '2014-11-13 10:04:30'),
(472, 9, 'vormendoos/stoof', NULL, NULL, NULL, '2012-11-13 22:19:34', '2013-05-24 12:47:33', '2013-05-24 12:47:33'),
(473, 4, 'Het heerlijkste Sinterklaas voorleesboek', 'http://www.bol.com/nl/p/het-heerlijkste-sinterklaas-voorleesboek/1001004006530457/', NULL, NULL, '2012-11-13 22:23:57', '2012-12-09 21:24:31', '2012-12-09 21:24:31'),
(474, 4, 'sjoelbak', NULL, 6, '2014-11-23 13:59:44', '2012-11-13 22:30:16', '2014-12-10 10:05:07', '2014-12-10 10:05:07'),
(475, 3, 'dvd/bluray speler (voor de tv)', NULL, NULL, NULL, '2012-11-16 09:35:19', '2015-08-14 10:32:00', '2015-08-14 10:32:00'),
(476, 4, 'broodtrommel cars2 (mepal)', NULL, 3, '2012-12-11 10:40:18', '2012-11-17 12:54:42', '2013-11-23 12:24:27', '2013-11-23 12:24:27'),
(477, 6, 'sigaar knipper, tweezijdig -> link als voorbeeld', 'http://www.sigarenwinkelarnouts.nl/sigaren-knipper-bookwill-dubrvs-klink-p-2951.html', NULL, '2013-05-10 10:54:46', '2012-11-21 15:44:02', '2013-10-02 10:40:24', '2013-10-02 10:40:24'),
(478, 8, 'fotoboek Erik Hijweege - Holland - De Kunst', 'http://www.vanstockum.nl/boeken/kunst-algemeen/fotoboeken/nl/holland-michiel-goudswaard-erik-hijweeg', NULL, NULL, '2012-11-22 23:06:48', '2013-07-06 21:09:18', '2013-07-06 21:09:18'),
(479, 5, 'hoogpolig kamerjas xl weg in kruipen', NULL, 6, '2012-12-02 22:55:48', '2012-11-25 14:10:25', '2012-12-06 16:40:29', '2012-12-06 16:40:29'),
(480, 5, 'hoogpolig kamerjas xl weg in kruipen', NULL, 6, '2012-12-02 22:56:02', '2012-11-25 14:11:10', '2012-12-06 16:40:32', '2012-12-06 16:40:32'),
(481, 5, ' Bourjois paris oogschaduw smoky eyes! Grijs, paars of groen', 'http://files.beautyblogkiki.webnode.nl/200000148-f2101f30c2/smokey%20eyes%20bourjois.jpg', NULL, NULL, '2012-11-25 14:11:23', '2014-07-26 13:57:22', '2014-07-26 13:57:22'),
(482, 6, 'Aardappel pureerder/pers', 'http://www.meesterslijpers.nl/aardappel-pureerderstampers', NULL, '2013-05-10 10:55:09', '2012-11-25 15:30:54', '2013-10-02 10:40:29', '2013-10-02 10:40:29'),
(483, 6, 'I pod (classic) oplaad/data kabel', NULL, NULL, NULL, '2012-11-25 15:36:07', '2015-11-04 19:09:49', '2015-11-04 19:09:49'),
(484, 6, 'Verbindingskabel jack-jack, ca. 0,5m', 'http://www.allekabels.nl/jack-kabels/4/1075883/jack-kabel.html', NULL, NULL, '2012-11-25 15:41:54', '2013-10-02 10:40:42', '2013-10-02 10:40:42'),
(485, 8, 'schildersezel', NULL, NULL, NULL, '2012-12-06 20:37:29', '2014-03-10 23:00:25', '2014-03-10 23:00:25'),
(486, 8, 'verfmengpalet', NULL, NULL, NULL, '2012-12-06 20:37:48', '2013-04-28 12:06:58', '2013-04-28 12:06:58'),
(487, 8, 'kwasten (allerlei maatjes, voor hobbyschilderen met verf op waterbasis)', NULL, NULL, NULL, '2012-12-06 20:38:10', '2015-11-20 21:41:18', '2015-11-20 21:41:18'),
(488, 8, 'schildersdoeken (allerlei maten)', NULL, NULL, NULL, '2012-12-06 20:38:21', '2017-07-23 12:01:16', '2017-07-23 12:01:16'),
(489, 10, 'skipak-achtig iets, voor op de fiets naar de crèche \\''s ochtends vroeg', NULL, NULL, NULL, '2012-12-06 20:40:49', '2013-01-13 22:49:06', '2013-01-13 22:49:06'),
(490, 3, 'Lego Power Functions Snelheidregelaar', 'https://www.playexpert.nl/nl/lego-power-functions-8879-ir-snelheidregelaar', NULL, NULL, '2012-12-07 16:07:28', '2013-09-23 14:53:31', '2013-09-23 14:53:31'),
(491, 3, 'LEGO Power Functions Motorset ', 'http://www.pixmania.nl/lego-technics/lego-technic-power-functions-motor-set-8293/00489716-a.html#src', NULL, NULL, '2012-12-07 16:07:54', '2014-10-23 19:38:11', '2014-10-23 19:38:11'),
(492, 8, 'stofzuiger', NULL, NULL, NULL, '2012-12-08 14:54:05', '2013-01-13 22:48:13', '2013-01-13 22:48:13'),
(493, 4, 'Prentenbijbel (NB:laatste uitgave 2011, met 36 verhalen)', 'http://www.kinderbijbels.nl/Prentenbijbel_OT_&_NT_Liesbeth_van_Binsbergen_e.a.-p-0_-d-201-t-1.html', NULL, '2012-12-10 18:52:10', '2012-12-09 21:28:28', '2013-11-23 12:24:04', '2013-11-23 12:24:04'),
(494, 8, 'koptelefoon voor pc', NULL, NULL, NULL, '2012-12-21 20:51:46', '2013-08-29 14:27:35', '2013-08-29 14:27:35'),
(495, 5, 'Lonely Planet Phillipine (new versie 2012)', 'http://shop.lonelyplanet.com/philippines/philippines-travel-guide-11/?lpaffil=lpdest-shoppod', 6, '2013-01-23 19:35:39', '2013-01-14 22:40:46', '2013-02-13 15:15:59', '2013-02-13 15:15:59'),
(496, 5, 'camera snuit tas grijs van merk Click', 'http://www.clikelitestore.com/product_p/ce702gr.htm', NULL, NULL, '2013-01-17 19:40:26', '2014-06-04 22:55:58', '2014-06-04 22:55:58'),
(497, 5, 'tafelkleed dat past op mijn tafel', 'http://tinypic.com/r/2hwpw5v/6', NULL, '2013-10-30 16:27:56', '2013-01-17 20:06:35', '2013-11-20 14:31:43', '2013-11-20 14:31:43'),
(498, 7, 'Dungeons and Dragons rulebooks', NULL, NULL, NULL, '2013-02-11 15:41:52', '2013-11-21 22:18:54', '2013-11-21 22:18:54'),
(499, 10, 'plastic anti-lek-drinkbeker met tuitje', NULL, NULL, NULL, '2013-02-12 23:48:49', '2013-03-17 19:19:23', '2013-03-17 19:19:23'),
(500, 10, 'blije groene speelgoedopbergkratten met smiley', 'http://www.bol.com/nl/p/iris-speelgoedbox-25-l-groen-2-stuks/9200000010508527/', 8, '2013-11-06 20:30:57', '2013-03-03 23:40:47', '2014-11-10 22:51:07', '2014-11-10 22:51:07'),
(501, 10, 'trappelzak die ook in de autostoel kan (maat 110<)', NULL, NULL, NULL, '2013-03-17 19:25:09', '2014-07-23 11:11:11', '2014-07-23 11:11:11'),
(502, 10, 'trappelzak die ook in de autostoel kan (maat 80<)', NULL, NULL, NULL, '2013-03-17 19:25:40', '2013-04-28 12:07:39', '2013-04-28 12:07:39'),
(503, 10, 'trappelzak die ook in de autostoel kan (maat 80<)', NULL, NULL, NULL, '2013-03-17 19:31:19', '2013-04-28 12:07:47', '2013-04-28 12:07:47'),
(504, 10, 'slaapzak die ook in de autostoel kan (maat 80<)', NULL, NULL, NULL, '2013-03-17 19:31:28', '2013-04-28 12:07:43', '2013-04-28 12:07:43'),
(505, 7, 'Joe Abercombie - De Eerste Wet 2 - De Weg van de Angst', 'http://www.joeabercrombie.com/wordpress/wp-content/themes/JoeAbercrombie/covers/before_dutch.jpg', NULL, NULL, '2013-04-08 11:25:06', '2014-07-09 09:32:20', '2014-07-09 09:32:20'),
(506, 7, 'Joe Abercombie - De Eerste Wet 3 - De Val van een Koning', 'http://www.joeabercrombie.com/wordpress/wp-content/themes/JoeAbercrombie/covers/last_argument_dutch.', NULL, NULL, '2013-04-08 11:25:53', '2014-07-09 09:32:27', '2014-07-09 09:32:27'),
(507, 9, 'auto''s en vliegtuigen', '', 5, '2013-11-20 16:43:06', '2013-05-24 12:49:27', '2017-05-13 11:15:51', '2017-05-13 11:15:51'),
(508, 3, 'Rad des Tijds / 14 - Licht van weleer', 'http://www.bol.com/nl/p/rad-des-tijds-14-licht-van-weleer/9200000005804978/#', NULL, NULL, '2013-06-04 09:29:33', '2013-09-13 21:30:11', '2013-09-13 21:30:11'),
(509, 3, 'usb stick', NULL, NULL, NULL, '2013-06-04 09:30:09', '2013-09-13 21:33:23', '2013-09-13 21:33:23'),
(510, 10, 'Lego Duplo Creatieve auto`s (Lego 10552)', 'http://www.playtown.nl/index.php?id=3616', NULL, NULL, '2013-06-06 21:59:53', '2013-08-29 14:29:06', '2013-08-29 14:29:06'),
(511, 10, 'Lego Duplo Peuter beginbouwset (Lego 10561)', 'http://www.playtown.nl/index.php?id=3652', NULL, NULL, '2013-06-06 22:00:25', '2013-08-29 14:29:11', '2013-08-29 14:29:11'),
(512, 10, 'fietsstoeltje', NULL, NULL, NULL, '2013-06-06 22:00:39', '2013-08-29 14:29:16', '2013-08-29 14:29:16'),
(513, 8, 'kleine mp3 speler', NULL, NULL, NULL, '2013-06-06 22:02:51', '2014-03-10 23:00:33', '2014-03-10 23:00:33'),
(514, 8, 'Carolans of Baileys', NULL, NULL, NULL, '2013-06-06 22:03:30', '2013-09-04 21:04:00', '2013-09-04 21:04:00'),
(515, 8, 'Landlopersbocht uit Veenhuizen of ander heel zoet kruidenlikeurtje', NULL, NULL, NULL, '2013-06-06 22:03:58', '2013-09-04 21:03:28', '2013-09-04 21:03:28'),
(516, 8, 'Lidmaatschap Consumentenbond', NULL, NULL, NULL, '2013-06-06 22:04:30', '2014-03-10 23:00:37', '2014-03-10 23:00:37'),
(517, 10, 'windscherm voor fietstoeltje', NULL, NULL, NULL, '2013-07-06 21:11:19', '2013-10-26 23:03:30', '2013-10-26 23:03:30'),
(518, 10, 'windscherm voor fietstoeltje', NULL, NULL, NULL, '2013-07-06 21:11:21', '2013-07-16 23:20:41', '2013-07-16 23:20:41'),
(519, 10, 'zonnehoedje', NULL, NULL, NULL, '2013-07-06 21:11:35', '2013-08-04 23:32:16', '2013-08-04 23:32:16'),
(520, 10, 'boekjes', NULL, NULL, NULL, '2013-07-06 21:12:09', '2014-12-05 22:11:15', '2014-12-05 22:11:15'),
(521, 10, 'opblaasbadje voor op het terras', NULL, NULL, NULL, '2013-07-06 21:13:00', '2015-10-28 20:32:01', '2015-10-28 20:32:01'),
(522, 10, 'geen knuffels!', NULL, NULL, NULL, '2013-07-06 21:13:29', '2014-10-27 21:40:19', '2014-10-27 21:40:19'),
(523, 10, 'geen zeepjes / zalfjes / babyolie dingen', NULL, NULL, NULL, '2013-07-06 21:14:18', '2016-11-12 16:12:09', '2016-11-12 16:12:09'),
(524, 8, 'gladde Pandora-armband, circa maat 19', 'http://www.pandora.net/nl-nl/explore/products/bracelets#!590713/metal/05,04,11,06/sort-by/r', NULL, NULL, '2013-07-12 16:28:08', '2013-09-08 21:41:38', '2013-09-08 21:41:38'),
(525, 8, 'Pandora comfort/safety chain (zilver)', NULL, NULL, NULL, '2013-07-13 13:50:05', '2016-09-14 11:07:28', '2016-09-14 11:07:28'),
(526, 8, 'bagagedrager voor de fiets (fietstassen heb ik al)', NULL, NULL, NULL, '2013-07-16 23:18:56', '2013-09-04 21:03:07', '2013-09-04 21:03:07'),
(527, 10, 'duplo (liefst vooral veel poppetjes)', NULL, NULL, NULL, '2013-07-16 23:19:23', '2015-11-14 22:58:38', '2015-11-14 22:58:38'),
(528, 10, 'fisher price little people (geen boerderij/kermis)', NULL, 8, '2014-12-13 21:02:42', '2013-07-16 23:19:33', '2014-12-13 21:03:22', '2014-12-13 21:03:22'),
(529, 10, 'speelspulletjes voor bij een houten keukentje (vooral taart/muffin dingen)', '', NULL, NULL, '2013-07-16 23:20:01', '2017-05-19 15:27:19', NULL),
(530, 8, 'avondtasje (rood of cremekleurig)', 'http://www.hoedshop.nl/Sinamay-Tas-by-Seeberger.html#', NULL, NULL, '2013-07-29 22:35:00', '2013-09-04 21:03:12', '2013-09-04 21:03:12'),
(531, 7, 'Amoras deel 2', 'http://nl.wikipedia.org/wiki/Amoras_(stripreeks)', 5, '2013-11-08 19:57:37', '2013-07-29 22:36:36', '2014-07-09 09:09:38', '2014-07-09 09:09:38'),
(532, 10, 'boek / cd / dvd met kinderliedjes', NULL, NULL, NULL, '2013-07-29 22:38:28', '2014-09-10 22:50:53', '2014-09-10 22:50:53'),
(533, 10, 'dvd met kinderfilmpjes / korte verhaaltjes', NULL, 8, '2014-11-22 15:02:34', '2013-07-29 22:39:23', '2015-07-23 15:50:27', '2015-07-23 15:50:27'),
(534, 8, 'chique roze of rode hoed (maat 55cm)', 'http://www.hoedshop.nl/s01.php?shopid=s01&ag=1&cur=eur&sp=nl&pp=suche&suchstr=33286&I1.x=-701&I1.y=-', NULL, NULL, '2013-07-29 22:40:38', '2013-09-04 21:03:21', '2013-09-04 21:03:21'),
(535, 8, 'bijzondere thee (bijv. Twinings Prince of Wales)', NULL, NULL, NULL, '2013-08-29 14:28:15', '2013-08-29 14:28:15', NULL),
(536, 5, 'haha! een oefenvinger!!', 'http://www.cbc-beauty.nl/epages/62037437.sf/nl_NL/?ObjectPath=/Shops/62037437/Products/10431', NULL, NULL, '2013-09-01 21:46:37', '2013-09-04 00:25:51', '2013-09-04 00:25:51'),
(537, 5, 'dotting tool set', 'http://www.cbc-beauty.nl/epages/62037437.sf/nl_NL/?ObjectPath=/Shops/62037437/Products/DTS-01', NULL, NULL, '2013-09-01 21:47:02', '2014-07-26 13:51:49', '2014-07-26 13:51:49'),
(538, 5, 'Nailart Striping Penselen ', 'http://www.cbc-beauty.nl/epages/62037437.sf/nl_NL/?ObjectPath=/Shops/62037437/Products/NPS-01', NULL, NULL, '2013-09-01 21:47:30', '2013-10-24 22:51:54', '2013-10-24 22:51:54'),
(539, 5, 'nagelak merken :Essie (etos) opi (douglas)', 'http://www.google.nl/search?q=OPI+nagellak&safe=off&hl=nl&tbm=isch&tbo=u&source=univ&sa=X&ei=CpsjUuC', NULL, NULL, '2013-09-01 21:56:01', '2013-11-20 14:32:04', '2013-11-20 14:32:04'),
(540, 3, 'e-reader Kobo Aura HD of Kobo Touch', NULL, NULL, '2013-10-01 10:20:43', '2013-09-13 21:32:42', '2013-10-07 20:08:21', '2013-10-07 20:08:21'),
(541, 3, 'Implementing Laravel', 'http://leanpub.com/implementinglaravel', NULL, NULL, '2013-09-13 21:35:03', '2014-03-15 21:33:47', '2014-03-15 21:33:47'),
(542, 3, 'Laravel: From Apprentice To Artisan', 'https://leanpub.com/laravel', NULL, NULL, '2013-09-13 21:38:49', '2013-09-17 22:53:49', '2013-09-17 22:53:49'),
(543, 5, 'pantys vrolijk kleuren', NULL, NULL, NULL, '2013-09-24 08:02:30', '2014-09-28 18:45:59', '2014-09-28 18:45:59'),
(544, 5, 'slofsokken maat 36/37', NULL, NULL, NULL, '2013-09-24 08:03:04', '2014-06-04 22:56:06', '2014-06-04 22:56:06'),
(545, 3, 'Kaartje Nirvana of Noise', 'http://www.q-dance.com/netherlands/en/tickets/nirvana-noise/', NULL, NULL, '2013-09-26 13:48:45', '2013-11-26 10:22:54', '2013-11-26 10:22:54'),
(546, 6, 'ovenwanten', NULL, 8, '2013-11-06 20:30:22', '2013-10-09 12:57:15', '2014-04-24 11:37:49', '2014-04-24 11:37:49'),
(547, 5, 'Rode laarsjes 37', 'https://www.google.nl/search?q=rode+laarsjes+met+hak&safe=off&rlz=1C1CHFX_nlNL535NL535&es_sm=122&tbm', NULL, NULL, '2013-10-10 16:25:16', '2014-07-26 13:57:59', '2014-07-26 13:57:59'),
(548, 5, 'blauwe pumps/laarsjes 37', NULL, NULL, NULL, '2013-10-10 16:26:34', '2014-07-26 13:58:02', '2014-07-26 13:58:02'),
(549, 5, 'nagellak (essie & Opi & china glaze)', 'http://www.etos.nl/beauty/essie/', NULL, NULL, '2013-10-10 16:28:49', '2015-10-16 01:33:46', '2015-10-16 01:33:46'),
(550, 5, 'vouwfiets', 'http://www.vouwfietsen.com/top5-vouwfietsen.html', NULL, NULL, '2013-10-24 22:36:49', '2013-10-24 22:37:13', '2013-10-24 22:37:13'),
(551, 5, 'vouwfiets', 'http://www.vouwfietsen.com/top5-vouwfietsen.html', NULL, NULL, '2013-10-24 22:37:33', '2014-07-26 13:57:10', '2014-07-26 13:57:10'),
(552, 5, 'ENSAID lesboek Modinette', NULL, NULL, NULL, '2013-10-24 22:45:41', '2014-06-04 22:56:20', '2014-06-04 22:56:20'),
(553, 5, 'Bos lange rozen (mag incl een vaas) :P', 'http://1.bp.blogspot.com/-WXwyYaBvSmI/UGTCQPP6MEI/AAAAAAAAEo4/K7nN6TXwwCw/s640/hd-bloemen-wallpaper-', NULL, NULL, '2013-10-24 22:48:17', '2015-02-01 09:37:07', '2015-02-01 09:37:07'),
(554, 8, 'zoete kruidenlikorette', NULL, NULL, NULL, '2013-10-26 23:00:39', '2017-10-27 21:31:12', '2017-10-27 21:31:12'),
(555, 8, 'Jan van Haasteren puzzels', NULL, NULL, NULL, '2013-10-26 23:02:02', '2014-10-23 22:34:41', '2014-10-23 22:34:41'),
(556, 10, 'skipak (maat 92)', NULL, 5, '2013-11-25 19:26:30', '2013-10-26 23:04:15', '2014-03-10 23:01:49', '2014-03-10 23:01:49'),
(557, 10, 'wintermuts', NULL, NULL, NULL, '2013-10-26 23:04:34', '2014-03-10 23:01:57', '2014-03-10 23:01:57'),
(558, 10, 'wanten aan een touwtje', NULL, NULL, NULL, '2013-10-26 23:04:44', '2014-03-10 23:01:53', '2014-03-10 23:01:53'),
(559, 10, 'regenponcho', NULL, NULL, NULL, '2013-10-26 23:04:56', '2013-10-26 23:04:56', NULL),
(560, 10, 'waterdichte winterjas (maat 86/92)', NULL, NULL, NULL, '2013-10-26 23:05:48', '2013-10-26 23:06:01', '2013-10-26 23:06:01'),
(561, 6, 'aardappeldoos', 'http://www.huishoudonline.nl/site/index.php/shop/product/view/20/355', 8, '2015-11-20 23:21:13', '2013-11-09 20:11:55', '2016-01-20 12:42:27', '2016-01-20 12:42:27'),
(562, 6, 'pijpsleutelset', NULL, NULL, NULL, '2013-11-09 20:12:19', '2014-04-24 11:37:36', '2014-04-24 11:37:36'),
(563, 5, 'The North Face Travel Canister Cosmetica - kleur maakt niet uit!', 'http://images.internetstores.de/products/018_HI_A6SR_E8B_1_350234[1000x700].jpg?forceSize=true&force', NULL, NULL, '2013-11-16 11:51:22', '2014-06-04 22:56:28', '2014-06-04 22:56:28'),
(564, 5, 'tafel kaarsen voor in kandelaar', NULL, NULL, NULL, '2013-11-17 19:23:40', '2015-02-01 09:37:12', '2015-02-01 09:37:12'),
(565, 8, 'hammamdoek', 'http://www.bol.com/nl/p/vtwonen-hamamdoek-wit-met-grijs-hart/9200000013381068/', NULL, NULL, '2013-11-18 21:11:23', '2014-07-24 21:25:02', '2014-07-24 21:25:02'),
(566, 7, 'Pathfinder Bestiary 2', 'http://www.spellenhuis.nl/pathfinder-roleplaying-game-bestiary-2.html', 8, '2014-12-20 21:21:09', '2013-11-21 22:20:28', '2015-05-23 10:00:19', '2015-05-23 10:00:19'),
(567, 7, 'Pathfinder Bestiary 3', 'http://www.spellenhuis.nl/pathfinder-roleplaying-game-bestiary-3.html', 10, '2015-10-20 11:43:46', '2013-11-21 22:20:43', '2015-10-28 20:29:51', '2015-10-28 20:29:51'),
(568, 7, 'Pathfinder GameMastery Guide', 'http://www.spellenhuis.nl/pathfinder-roleplaying-game-gamemastery-guide.html', NULL, NULL, '2013-11-21 22:20:58', '2014-07-09 09:09:34', '2014-07-09 09:09:34'),
(569, 7, '3d printer', NULL, NULL, NULL, '2013-11-21 22:21:11', '2017-10-12 10:26:45', '2017-10-12 10:26:45'),
(570, 4, 'schoolbeker mepal', NULL, 8, '2014-12-05 22:16:17', '2013-11-23 12:24:49', '2016-11-02 20:04:58', '2016-11-02 20:04:58'),
(571, 4, 'playmobil ridders en draken', NULL, NULL, NULL, '2013-11-23 12:25:06', '2014-11-13 10:00:09', '2014-11-13 10:00:09'),
(572, 4, 'meccano vliegtuigje', 'http://www.lobbes.nl/zoeken/1010230B/detail/1010230B-meccano-design-vliegtuig?utm_source=marktplaats', NULL, NULL, '2013-11-23 12:26:41', '2016-11-02 20:05:31', '2016-11-02 20:05:31'),
(573, 4, 'leren voetbal', NULL, NULL, NULL, '2013-11-23 12:30:44', '2013-11-23 12:30:44', NULL),
(574, 9, 'kinderboeken', NULL, NULL, NULL, '2013-11-23 12:32:19', '2013-11-23 12:32:19', NULL),
(575, 9, 'loopfiets', NULL, NULL, NULL, '2013-11-23 12:32:33', '2015-11-07 12:39:07', '2015-11-07 12:39:07'),
(576, 4, 'discobal', 'http://static.bartsmit.com/1303117892/data/products/300x300/0556501.jpg', 3, '2015-11-21 12:18:20', '2013-11-23 13:30:03', '2015-12-09 17:11:14', '2015-12-09 17:11:14'),
(577, 3, 'Mastering the SPL Library', 'http://www.phparch.com/books/mastering-the-spl-library/', NULL, NULL, '2013-11-26 10:22:48', '2015-07-17 22:22:38', '2015-07-17 22:22:38'),
(578, 8, 'vernis voor acrylverf schilderijen (bijv Talens Amsterdam glanzend 114 en Talens Amsterdam mat 115)', 'http://www.petervanginkel.nl/?id=116', NULL, NULL, '2014-03-10 23:00:07', '2014-03-10 23:00:07', NULL),
(579, 8, 'Deel 3 t/m 5 van stripboek Arin & de Hunebedbouwers', 'http://www.bol.com/nl/p/arin-volk-van-hunebedbouwers-2-huilende-steen/1001004005073479/', 2, '2016-08-25 01:49:21', '2014-03-10 23:05:21', '2014-03-10 23:05:21', NULL),
(580, 8, 'e-book: Dan Brown - Inferno', NULL, NULL, NULL, '2014-03-10 23:12:17', '2015-12-06 12:12:13', '2015-12-06 12:12:13'),
(581, 8, 'Officiële BookCrossing Stickers NL', 'http://secure.bookcrossing.com/product.asp?strParents=&CAT_ID=&P_ID=216', NULL, NULL, '2014-03-10 23:21:09', '2017-05-19 15:26:01', '2017-05-19 15:26:01'),
(582, 8, 'BookCrossing BCID stickers NL', 'http://secure.bookcrossing.com/prodtype.asp?strParents=71,95&CAT_ID=89&numRecordPosition=1', NULL, NULL, '2014-03-10 23:23:12', '2017-05-19 15:26:03', '2017-05-19 15:26:03'),
(583, 10, 'vingerverf (kindvriendelijk / eetbaar / uitwasbaar)', NULL, NULL, NULL, '2014-03-12 21:12:09', '2014-09-10 22:51:00', '2014-09-10 22:51:00'),
(584, 2, 'kaarsen', NULL, NULL, NULL, '2014-03-15 01:22:19', '2014-11-23 02:27:28', '2014-11-23 02:27:28'),
(585, 2, 'waxinelichtjes, kaarsen', NULL, NULL, NULL, '2014-03-15 01:22:58', '2014-03-15 01:22:58', NULL),
(586, 2, 'Orchidee', NULL, NULL, NULL, '2014-03-15 01:23:14', '2016-08-25 01:33:31', '2016-08-25 01:33:31'),
(587, 2, 'bolletjes wol voor een leuk truitje, jasje voor een kleinkind, liefst met patroon', NULL, NULL, NULL, '2014-03-15 01:25:09', '2014-11-23 02:26:25', '2014-11-23 02:26:25'),
(588, 2, 'buitenlamp met een kaarsje', NULL, NULL, NULL, '2014-03-15 01:25:47', '2014-11-20 02:17:24', '2014-11-20 02:17:24'),
(589, 3, 'Domain Driven Design - Eric Evans', 'http://www.bol.com/nl/p/domain-driven-design/1001004001984629/', NULL, NULL, '2014-03-15 21:34:33', '2015-04-24 16:40:25', '2015-04-24 16:40:25'),
(590, 8, 'Thee voor Dummies', 'http://www.bol.com/nl/p/de-kleine-thee-voor-dummies/9200000011675394/', NULL, NULL, '2014-03-15 22:12:18', '2015-09-24 14:00:54', '2015-09-24 14:00:54'),
(591, 8, 'Etiquette voor dummies', 'http://www.bol.com/nl/p/de-kleine-etiquette-voor-dummies/9200000002307531/', 3, '2015-11-21 12:51:45', '2014-03-15 22:13:18', '2015-12-06 12:12:19', '2015-12-06 12:12:19'),
(592, 6, 'TomTom actieve houder, Go 740 Live', 'http://www.digitalsonline.nl/pagina/p/5/id/AHT-TG940-P/tomtom-active-dock-mount-kit-voor-tomtom-go-7', NULL, NULL, '2014-04-24 13:04:03', '2015-11-04 19:09:55', '2015-11-04 19:09:55'),
(593, 6, 'trapspin', NULL, NULL, '2014-05-03 11:28:51', '2014-04-24 13:04:46', '2014-10-27 21:12:31', '2014-10-27 21:12:31'),
(594, 6, '2 stuks (jaja, twee auto''s) Dual USB autolader', 'http://www.digitalsonline.nl/pagina/p/5/id/SCG-CCA-DM/griffin-dual-usb-car-charger-micro-autolader-m', NULL, NULL, '2014-04-24 13:11:14', '2014-04-25 16:51:18', '2014-04-25 16:51:18'),
(595, 6, 'grote weekendtas met draagriem en vakken op de uiteinden', NULL, NULL, NULL, '2014-04-24 18:04:53', '2014-04-24 18:04:53', NULL),
(596, 6, 'Bierglazen, model bokaal bv westmalle of grimbergen, minimaal 0.33cl', 'http://www.barmaatjes.nl/catalog/glazen-bierglazen-trappist-abdijbier-glazen-bokaal-westmalle-blauwe', NULL, NULL, '2014-04-24 18:09:19', '2014-04-24 18:11:57', '2014-04-24 18:11:57'),
(597, 6, 'Bierglazen, model bokaal bv Augustijn, minimaal 0.33cl', 'http://www.drankgigant.nl/glazen/bier/augustijn-bierbokaal.html', NULL, NULL, '2014-04-24 18:12:09', '2014-05-16 14:32:12', '2014-05-16 14:32:12'),
(598, 6, 'Dual USB autolader', 'http://www.digitalsonline.nl/pagina/p/5/id/SCG-CCA-DM/griffin-dual-usb-car-charger-micro-autolader-m', 3, '2014-04-24 22:51:14', '2014-04-24 18:17:44', '2016-11-02 20:41:26', '2016-11-02 20:41:26'),
(599, 6, 'een nog een keer Dual USB autolader (jaja, twee auto''s)', 'http://www.digitalsonline.nl/pagina/p/5/id/SCG-CCA-DM/griffin-dual-usb-car-charger-micro-autolader-m', NULL, NULL, '2014-04-24 18:18:18', '2014-10-27 21:12:47', '2014-10-27 21:12:47'),
(600, 6, 'PlastiDip, mat zwart', 'http://plastidip.nl/plastidip-bestellen/340/plasti-dip-spray-matt-black', 8, '2015-05-20 14:34:08', '2014-04-24 18:21:15', '2015-05-25 11:26:26', '2015-05-25 11:26:26'),
(601, 6, 'nog een bus PlastiDip', 'http://plastidip.nl/plastidip-bestellen/340/plasti-dip-spray-matt-black', 8, '2015-05-20 14:34:17', '2014-04-24 18:21:28', '2015-05-25 11:28:49', '2015-05-25 11:28:49'),
(602, 6, 'en nog een bus PlastiDip, mat zwart', 'http://plastidip.nl/plastidip-bestellen/340/plasti-dip-spray-matt-black', 8, '2015-05-20 14:34:24', '2014-04-24 18:21:44', '2015-05-25 11:28:59', '2015-05-25 11:28:59'),
(603, 6, 'en omdat je op drie wielen niet kunt rijden: nog een PlastiDip, mat zwart', 'http://plastidip.nl/plastidip-bestellen/340/plasti-dip-spray-matt-black', 8, '2015-05-20 14:34:30', '2014-04-24 18:28:40', '2015-05-25 11:34:23', '2015-05-25 11:34:23'),
(604, 6, 'SCHUIM brandblusser, 2kg', 'http://www.wehkamp.nl/tuin-klussen/veiligheid-beveiliging/veiligheid-beveiliging/elro-schuimblusser-', NULL, NULL, '2014-04-27 13:00:42', '2014-04-27 13:00:42', NULL),
(605, 6, 'nog een schuimblusser, 2kg', NULL, NULL, NULL, '2014-04-27 13:01:14', '2014-04-27 13:01:14', NULL),
(606, 6, 'noodhamer', NULL, NULL, NULL, '2014-04-27 13:04:00', '2014-04-30 21:52:02', '2014-04-30 21:52:02'),
(607, 6, 'doucheslang van 2m', NULL, NULL, NULL, '2014-04-27 13:13:57', '2014-05-16 14:32:27', '2014-05-16 14:32:27'),
(608, 6, 'doucheslang van 2m', NULL, NULL, NULL, '2014-04-27 13:27:15', '2014-04-27 13:27:56', '2014-04-27 13:27:56'),
(609, 6, 'inbus 12', 'http://www.toolstation.nl/shop/Handgereedschap/Inbussleutels/PB+inbussleutel+12mm/d10/sd2966/p55481', NULL, NULL, '2014-04-27 13:27:37', '2014-10-27 21:13:12', '2014-10-27 21:13:12'),
(610, 6, 'knikbestendige tuinslang', NULL, NULL, NULL, '2014-04-27 22:57:54', '2014-10-27 21:13:42', '2014-10-27 21:13:42'),
(611, 6, 'diamantschijf voor voegen', 'http://www.toolstation.nl/shop/Gereedschap%20accessoires/Diamantschijven/Turbolite%20Superior%20diam', NULL, NULL, '2014-04-27 22:58:56', '2014-10-27 21:13:52', '2014-10-27 21:13:52'),
(612, 6, 'spanningszoeker', 'http://www.toolstation.nl/shop/Non-contact+spanningszoeker/p52622', NULL, NULL, '2014-04-27 23:01:50', '2016-11-02 20:41:45', '2016-11-02 20:41:45'),
(613, 6, 'stalen blokhaak (ca. 25 cm)', NULL, NULL, '2014-04-29 16:33:38', '2014-04-27 23:02:28', '2014-04-27 23:02:28', NULL),
(614, 6, 'bankschroefbekken', 'http://www.toolstation.nl/shop/Zachte+magnetische+bankschroefbekken/p61073', NULL, '2014-04-29 16:32:43', '2014-04-27 23:03:20', '2014-05-16 14:32:43', '2014-05-16 14:32:43'),
(615, 6, 'knelringtrekker', 'http://www.toolstation.nl/shop/Handgereedschap/Loodgietersgereedschap/Knelringtrekker/d10/sd210/p593', 3, '2015-05-19 11:23:07', '2014-04-27 23:04:23', '2015-05-25 11:28:21', '2015-05-25 11:28:21'),
(616, 6, 'soldeer-/lasmat', 'http://www.toolstation.nl/shop/Zware+soldeer+mat/p54020', NULL, NULL, '2014-04-27 23:05:12', '2014-04-27 23:05:12', NULL),
(617, 6, 'pneumatische rechte slijper', 'http://www.toolstation.nl/shop/Automotive/Pneumatisch%20Gereedschap/Pneumatische%20rechte%20slijpmac', NULL, NULL, '2014-04-27 23:07:24', '2014-10-27 21:14:48', '2014-10-27 21:14:48'),
(618, 6, 'ontluchtingsset', 'http://www.toolstation.nl/shop/Eezibleed+set/p82378', NULL, NULL, '2014-04-27 23:09:49', '2016-11-02 20:41:56', '2016-11-02 20:41:56'),
(619, 6, 'uitschuifbare stempel', 'http://www.toolstation.nl/shop/Uitschuifbare+stempel/p66745', NULL, '2016-05-05 10:13:24', '2014-04-27 23:12:03', '2017-01-26 20:55:08', '2017-01-26 20:55:08'),
(620, 6, 'gevelkraan, vorstvrij', 'http://www.toolstation.nl/shop/Vorstbestendige+gevelkraan/p73212', NULL, NULL, '2014-04-27 23:12:44', '2014-10-27 21:14:58', '2014-10-27 21:14:58'),
(621, 6, 'radiatorkraansleutel', 'http://www.toolstation.nl/shop/Radiatorkraansleutel/p26053', NULL, '2014-04-29 16:39:37', '2014-04-27 23:14:14', '2014-05-16 14:33:04', '2014-05-16 14:33:04'),
(622, 6, 'pushdown tang', 'http://www.toolstation.nl/shop/Krone+pushdown+tang/p40716', NULL, NULL, '2014-04-27 23:15:18', '2014-05-16 14:45:14', '2014-05-16 14:45:14'),
(623, 6, 'LAN tester', 'http://www.toolstation.nl/shop/LAN-tester/p10555', NULL, NULL, '2014-04-27 23:15:44', '2014-05-16 14:45:06', '2014-05-16 14:45:06'),
(624, 6, 'krimptang telecom stekkers', 'http://www.toolstation.nl/shop/Pro-krimptang/p78408', NULL, NULL, '2014-04-27 23:22:03', '2014-05-16 14:45:02', '2014-05-16 14:45:02'),
(625, 6, 'pijpsleutel 10/11', NULL, NULL, '2014-04-29 16:40:01', '2014-04-28 23:11:06', '2014-05-16 14:44:57', '2014-05-16 14:44:57'),
(626, 5, 'foto''s voor polaroid impossible project ', NULL, NULL, NULL, '2014-06-04 22:58:47', '2014-09-24 16:45:22', '2014-09-24 16:45:22'),
(627, 7, 'Amoras 3: Krimson', 'http://www.bol.com/nl/p/amoras-03-krimson/9200000020897372/', NULL, NULL, '2014-07-09 09:34:47', '2014-09-10 22:54:37', '2014-09-10 22:54:37'),
(628, 7, 'Gunnerkrigg Court 4: Materia', 'http://www.bol.com/nl/p/gunnerkrigg-court/9200000011178412/', 3, '2014-10-04 13:24:18', '2014-07-09 10:29:57', '2014-11-06 19:17:00', '2014-11-06 19:17:00'),
(629, 7, 'Annie in the Forest, part 2', 'http://www.topatoco.com/merchant.mvc?Screen=PROD&Store_Code=TO&Product_Code=GK-AITFP2&Category_Code=', 2, '2015-11-24 03:32:49', '2014-07-09 10:30:41', '2016-02-03 14:05:03', '2016-02-03 14:05:03'),
(630, 10, 'Soksloffen van Collegièn (maat 27)', '', NULL, NULL, '2014-07-23 11:12:13', '2017-07-19 20:57:34', '2017-07-19 20:57:34'),
(631, 10, 'Dikkie Dik boekjes', NULL, NULL, NULL, '2014-07-23 11:12:25', '2014-10-27 21:40:38', '2014-10-27 21:40:38'),
(632, 10, 'Bouw-in-elkaar autootjes (merk bijv. Viga of Levi)', NULL, NULL, NULL, '2014-07-23 11:14:47', '2015-09-03 11:02:16', '2015-09-03 11:02:16'),
(633, 10, 'houten knikkerbaan', NULL, NULL, NULL, '2014-07-23 11:14:59', '2015-06-27 20:44:08', '2015-06-27 20:44:08'),
(634, 8, 'Philips Living Colours LED-lamp (zo een die kleurtjes op de muur projecteert)', NULL, NULL, NULL, '2014-07-23 11:18:57', '2014-09-05 16:46:07', '2014-09-05 16:46:07'),
(635, 8, 'O-bag witte wollen accessoire', 'http://www.obagshop.nl/o-bag-wol-wit.html', NULL, NULL, '2014-07-24 21:21:18', '2014-12-12 16:13:38', '2014-12-12 16:13:38'),
(636, 8, 'O-bag touw handels', 'http://www.obagshop.nl/handvat-touw-naturel-o-bag.html', NULL, NULL, '2014-07-24 21:22:04', '2014-12-12 16:13:43', '2014-12-12 16:13:43'),
(637, 8, 'O-bag witte leren schouderriem', 'http://www.obagshop.nl/o-bag-schouderriem-kunstleer-wit.html', NULL, NULL, '2014-07-24 21:24:33', '2014-12-12 16:13:49', '2014-12-12 16:13:49'),
(638, 8, 'Garde ''Beater'' van merk Normann Copenhagen (in een willekeurig kleurtje)', 'http://www.debijenkorf.nl/normann-copenhagen-garde-beater-6624090136', NULL, NULL, '2014-07-24 23:03:48', '2014-07-24 23:03:48', NULL),
(639, 10, 'PlayShapes (merk: Miller Goodman)', 'http://www.3vosjes.nl/playshapes-miller-goodman.html?gclid=Cj0KEQjw3cKeBRDG-KKqqIj4qJgBEiQAOamX_cTvp', NULL, NULL, '2014-07-24 23:06:39', '2017-05-19 15:27:34', '2017-05-19 15:27:34'),
(640, 5, 'ei bakvorm rondje', 'http://www.eierwekkers.nl/index.php?route=product/product&path=61&product_id=60', NULL, NULL, '2014-07-26 13:51:41', '2015-03-06 18:06:20', '2015-03-06 18:06:20'),
(641, 5, 'iragulair choose schoenenbon', NULL, NULL, NULL, '2014-07-26 13:58:38', '2014-07-29 14:24:35', '2014-07-29 14:24:35'),
(642, 5, 'Kortingsbon voor irregular choice schoenen', 'http://www.irregularchoice.com/shop/accessories/list/gifts-186/', NULL, NULL, '2014-07-26 14:07:27', '2016-08-31 22:47:37', '2016-08-31 22:47:37'),
(643, 5, 'Stofzuiger Bosch BGL35MOV20', 'http://www.consumentenbond.nl/test/woning-huishouden/huishouden/stofzuiger/bosch/bgl35mov20', NULL, NULL, '2014-07-29 14:25:23', '2015-10-02 17:14:58', '2015-10-02 17:14:58'),
(644, 5, 'stofzuiger (zonder zak)', NULL, NULL, NULL, '2014-07-29 14:26:06', '2014-07-29 14:26:11', '2014-07-29 14:26:11'),
(645, 8, 'e-book The King''s Curse - Philippa Gregory', 'http://www.bol.com/nl/p/the-king-s-curse/9200000024794723/', NULL, NULL, '2014-08-25 14:07:37', '2015-11-20 21:41:30', '2015-11-20 21:41:30'),
(646, 8, 'e-book The White Princess - Philippa Gregory', 'http://www.bol.com/nl/p/the-white-princess/9200000010471555/', NULL, NULL, '2014-08-25 14:08:06', '2015-11-20 21:41:35', '2015-11-20 21:41:35'),
(647, 8, 'e-book De erfenis van de Boleyns - Philippa Gregory', 'http://www.bol.com/nl/p/de-erfenis-van-de-boleyns/1001004011580397/', NULL, NULL, '2014-08-25 14:09:50', '2015-11-20 21:41:41', '2015-11-20 21:41:41'),
(648, 7, 'Objectief voor Nikon camera (DX)', NULL, NULL, NULL, '2014-09-14 22:45:48', '2014-09-14 22:45:48', NULL),
(649, 3, 'Functional Programming in PHP - Simon Holywell', 'http://www.phparch.com/2014/08/functional-programming-in-php-book-released/', NULL, NULL, '2014-09-22 13:49:24', '2014-10-23 19:36:42', '2014-10-23 19:36:42'),
(650, 3, 'Arduino starterkit', 'http://www.hackerstore.nl/Artikel/64', 8, '2015-10-21 16:00:46', '2014-09-22 13:53:43', '2015-10-28 21:55:35', '2015-10-28 21:55:35'),
(651, 5, 'panty''s gaat snel stuk dus kom maar op!! (Maat zie achterkant 170Lengte x 60kg)', 'https://www.hallobeenmode.nl/kanten-panty-met-geweven-bloemen-motief', NULL, NULL, '2014-09-28 18:47:42', '2017-07-02 12:57:58', NULL),
(652, 5, 'zilveren oorbellen (hangend)', 'https://www.google.nl/search?q=zilvere+oorbellen+(hangend)&safe=off&es_sm=93&source=lnms&tbm=isch&sa', NULL, NULL, '2014-09-28 19:04:07', '2015-10-02 17:14:53', '2015-10-02 17:14:53'),
(653, 5, 'motorhoes water en WIND dicht', NULL, NULL, NULL, '2014-09-28 19:04:49', '2015-02-01 13:36:37', '2015-02-01 13:36:37'),
(654, 5, 'leuk boeken tip + .epub file :P', NULL, NULL, NULL, '2014-09-28 19:06:04', '2016-03-02 15:45:47', '2016-03-02 15:45:47'),
(655, 5, 'Taart vorkjes', NULL, NULL, NULL, '2014-09-28 19:06:42', '2014-11-09 20:06:15', '2014-11-09 20:06:15'),
(656, 5, 'telefoonarmband LG nexus 5 (L:137,8mm, B:69,2mm, D:8,6mm)', 'http://www.bol.com/nl/p/zwarte-sport-armband-lg-nexus-5/9200000023861292/', NULL, NULL, '2014-09-28 19:12:34', '2014-11-17 20:08:14', '2014-11-17 20:08:14'),
(657, 5, 'Gezichtsproduct van Salon Agnes (sta in bestand)', 'http://www.salonagnes.nl/producten.htm', NULL, NULL, '2014-09-28 19:20:14', '2016-11-03 19:09:12', '2016-11-03 19:09:12'),
(658, 3, 'Design Patterns: Elements of Reusable Object-Oriented Software ', 'http://www.bol.com/nl/p/design-patterns-elements-of-reusable-object-oriented-software/10010040010476', NULL, NULL, '2014-10-10 10:06:39', '2014-10-23 19:52:31', '2014-10-23 19:52:31'),
(659, 8, 'Boek of e-boek ''Pathfinder'' van Angie Sage', 'http://www.bol.com/nl/p/pathfinder/9200000028811070/', NULL, NULL, '2014-10-10 14:46:58', '2015-06-21 13:42:18', '2015-06-21 13:42:18'),
(660, 1, 'Grote pepermolen, die het goed doet', NULL, 8, '2014-11-22 15:00:51', '2014-10-12 20:27:27', '2015-05-22 03:07:26', '2015-05-22 03:07:26');
INSERT INTO `wishes` (`id`, `user_id`, `description`, `link`, `claimed_by`, `claimed_at`, `created_at`, `updated_at`, `deleted_at`) VALUES
(661, 5, 'balarinas maat 37 (link: heb ik al)', 'http://nl.tinypic.com/r/312cjts/8', NULL, NULL, '2014-10-16 19:22:37', '2015-05-23 11:39:29', '2015-05-23 11:39:29'),
(662, 5, 'Minecraft Lego', 'http://search-en.lego.com/?q=minecraft&cc=NL#', NULL, NULL, '2014-10-18 01:10:26', '2015-02-19 17:38:26', '2015-02-19 17:38:26'),
(663, 1, 'bloembollen , wit, blauw, zwart. Tulp turkestanica en de gladiolus callianthus', NULL, NULL, NULL, '2014-10-18 02:45:18', '2015-09-12 18:32:14', '2015-09-12 18:32:14'),
(664, 1, 'USB stick, 32 GB', NULL, NULL, NULL, '2014-10-18 02:46:24', '2015-05-22 03:07:35', '2015-05-22 03:07:35'),
(665, 1, 'beschermtas t.v. 45-30cm, 22 inch', NULL, 8, '2015-11-02 17:11:52', '2014-10-18 02:47:11', '2015-11-07 10:41:50', '2015-11-07 10:41:50'),
(666, 1, 'overblijvende groene planten', NULL, NULL, NULL, '2014-10-18 02:48:15', '2014-10-18 13:13:01', '2014-10-18 13:13:01'),
(667, 1, 'sf boeken', NULL, NULL, NULL, '2014-10-18 02:48:31', '2015-09-12 18:32:37', '2015-09-12 18:32:37'),
(668, 1, 'Grote buitenbezem', NULL, NULL, NULL, '2014-10-18 13:12:41', '2014-11-20 02:13:07', '2014-11-20 02:13:07'),
(669, 1, 'Lage tuinlampen 220V', NULL, NULL, NULL, '2014-10-18 13:14:10', '2015-09-12 18:32:49', '2015-09-12 18:32:49'),
(670, 5, 'Hemdjes/tops Maat S', 'http://boktimg.nl/sites/default/files/40/c5/40c55ab9bc27e9bd785c590ac3941bda.jpg', NULL, NULL, '2014-10-23 09:38:19', '2015-02-01 09:37:38', '2015-02-01 09:37:38'),
(671, 3, 'The Pragmatic Programmer ', 'http://www.bol.com/nl/p/the-pragmatic-programmer/1001004000788751/', 2, '2015-09-28 17:07:46', '2014-10-23 19:52:28', '2015-10-06 01:26:40', '2015-10-06 01:26:40'),
(672, 3, 'The Clean Coder ', 'http://www.bol.com/nl/p/the-clean-coder/1001004011182718/', NULL, NULL, '2014-10-23 19:55:24', '2017-10-11 20:30:45', '2017-10-11 20:30:45'),
(673, 8, 'LG G2 Quick Window Flip Cover', 'http://www.belsimpel.nl/accessoire-detail/LG-G2-Quick-Window-Flip-Cover-White?utm_source=6500&cntd=1', NULL, NULL, '2014-10-23 22:33:42', '2015-11-02 17:12:09', '2015-11-02 17:12:09'),
(674, 6, 'precisie schroevendraaierset', 'http://www.toolstation.nl/shop/p20244', NULL, NULL, '2014-10-27 21:19:02', '2014-12-02 11:25:13', '2014-12-02 11:25:13'),
(675, 10, 'dikkie Dik knuffel', NULL, NULL, NULL, '2014-10-27 21:40:13', '2015-05-16 11:26:47', '2015-05-16 11:26:47'),
(676, 10, 'Dikke voorleesboeken, bijv over de basisschool', NULL, NULL, NULL, '2014-10-27 21:40:59', '2014-10-27 21:40:59', NULL),
(677, 10, 'Puzzels (minimaal 40 stukjes)', NULL, NULL, NULL, '2014-10-27 21:41:36', '2017-07-19 20:57:46', '2017-07-19 20:57:46'),
(678, 10, 'Stickers', NULL, NULL, NULL, '2014-10-28 21:35:25', '2014-10-28 21:35:25', NULL),
(679, 10, 'Plastic schortje voor knutselen/verven', NULL, NULL, NULL, '2014-10-28 21:35:45', '2015-08-03 11:42:25', '2015-08-03 11:42:25'),
(680, 8, 'Schoenenrek Trones van ikea', 'http://www.ikea.com/nl/nl/catalog/products/30256424/#/30256424', NULL, NULL, '2014-10-28 21:39:46', '2014-11-03 21:11:25', '2014-11-03 21:11:25'),
(681, 8, 'Hoofdkussen 365fast van ikea', 'http://www.ikea.com/nl/nl/catalog/products/70131601/', NULL, NULL, '2014-10-28 21:42:46', '2017-08-14 15:23:12', '2017-08-14 15:23:12'),
(682, 8, 'Badjas in een fel kleurtje (maat s/m)', NULL, NULL, NULL, '2014-10-31 22:50:48', '2015-02-15 10:53:52', '2015-02-15 10:53:52'),
(683, 10, 'Waskrijtjes', NULL, NULL, NULL, '2014-10-31 22:52:06', '2015-08-12 14:10:36', '2015-08-12 14:10:36'),
(684, 8, 'Tickets musical "Billy Elliot"', 'http://www.afascircustheater.nl/programmering/billy-elliot-de-musical/', NULL, NULL, '2014-11-01 21:37:54', '2015-03-21 13:55:31', '2015-03-21 13:55:31'),
(685, 8, 'Tickets voor Bløf in het circustheater', 'https://webshop.seetickets.nl/shows/showtickets.aspx?sh=BLOF&v=CUSTHEATER&p=ECTA2015709&utm_campaign', NULL, NULL, '2014-11-02 19:51:15', '2014-11-10 22:51:50', '2014-11-10 22:51:50'),
(686, 8, 'vt wonen magazine (los of proefabonnement)', NULL, NULL, NULL, '2014-11-06 20:21:59', '2014-12-05 22:10:52', '2014-12-05 22:10:52'),
(687, 5, 'Tosti-ijzer op gas', 'http://www.debijenkorf.nl/patisse-tosti-ijzer-6863090009', NULL, NULL, '2014-11-09 20:05:12', '2014-11-30 17:46:08', '2014-11-30 17:46:08'),
(688, 3, 'kastje op bureau om monitor op te zetten', 'http://www.deoptimalewerkplek.nl/images/content/VA-10-A.jpg', 8, '2014-12-05 22:15:47', '2014-11-13 09:38:13', '2014-12-10 10:03:55', '2014-12-10 10:03:55'),
(689, 4, 'Geen Cars kado''s meer. "Dat is zó kinderachtig!"', NULL, NULL, NULL, '2014-11-13 09:58:56', '2015-11-07 12:38:31', '2015-11-07 12:38:31'),
(690, 4, 'Lego', NULL, NULL, NULL, '2014-11-13 10:00:54', '2016-11-03 19:39:58', '2016-11-03 19:39:58'),
(691, 9, 'puzzels (100 stukjes is no problem)', NULL, NULL, NULL, '2014-11-13 10:07:02', '2016-11-19 13:24:35', '2016-11-19 13:24:35'),
(692, 9, 'spellen met veel onderdelen', NULL, NULL, NULL, '2014-11-13 10:07:17', '2015-11-07 12:39:34', '2015-11-07 12:39:34'),
(693, 2, 'tosti-ijzer elektrisch', NULL, 5, '2015-09-20 11:10:16', '2014-11-18 03:10:41', '2015-09-25 00:26:15', '2015-09-25 00:26:15'),
(694, 5, 'eau de toilette Chanel 50 ml', 'https://m.douglas.nl/douglas/CHANEL-CHANEL-CHANCE-EAU-TENDRE-VAPORISATEUR_product_3000034541.html', NULL, NULL, '2014-11-19 22:26:49', '2015-02-19 17:38:41', '2015-02-19 17:38:41'),
(695, 5, 'tickets musical Billy Elliot of Bodyguart', NULL, NULL, NULL, '2014-11-19 22:29:46', '2015-10-16 01:32:08', '2015-10-16 01:32:08'),
(696, 2, 'elektrische tandenborstel', NULL, NULL, NULL, '2014-11-20 02:10:38', '2015-05-22 03:05:15', '2015-05-22 03:05:15'),
(697, 2, 'dagcreme', NULL, 8, '2014-11-22 15:00:59', '2014-11-20 02:11:03', '2015-05-22 03:04:49', '2015-05-22 03:04:49'),
(698, 2, 'nachtcreme', NULL, 8, '2014-12-05 22:15:22', '2014-11-20 02:11:14', '2015-05-22 03:05:01', '2015-05-22 03:05:01'),
(699, 2, 'enveloppe hoesje voor I-pad, 17 bij 24 cm.', NULL, 8, '2014-12-05 22:15:29', '2014-11-20 02:15:45', '2015-05-22 03:05:08', '2015-05-22 03:05:08'),
(700, 3, 'USB Rocket Launcher', 'http://www.thinkgeek.com/product/8a0f/', NULL, NULL, '2014-11-26 15:38:39', '2015-07-17 22:22:26', '2015-07-17 22:22:26'),
(701, 3, 'Why Software Sucks...and What You Can Do About It', 'http://www.bol.com/nl/p/why-software-sucks-and-what-you-can-do-about-it/1001004002950079/', NULL, NULL, '2014-12-10 10:03:47', '2015-10-06 01:27:07', '2015-10-06 01:27:07'),
(702, 10, 'Paraplu', NULL, NULL, NULL, '2014-12-11 23:21:27', '2015-11-03 14:41:43', '2015-11-03 14:41:43'),
(703, 8, 'Wijnkoeler', NULL, NULL, NULL, '2014-12-13 20:54:40', '2015-09-03 11:03:13', '2015-09-03 11:03:13'),
(704, 8, 'Anais Anais (eau de toilette van Cacharel)', NULL, NULL, NULL, '2014-12-13 21:02:01', '2015-09-03 11:03:17', '2015-09-03 11:03:17'),
(705, 3, 'Patterns of Enterprise Application Architecture', 'http://www.bol.com/nl/p/patterns-of-enterprise-application-architecture/1001004001814553/', NULL, NULL, '2014-12-20 11:22:58', '2016-05-01 11:47:31', '2016-05-01 11:47:31'),
(706, 6, 'Sigaren aansteker, Link is voorbeeld', 'http://www.aanstekerwebshop.nl/Sigarenaanstekers/Canon-Lighter/', 8, '2016-04-24 21:24:19', '2015-01-27 13:13:05', '2016-11-02 20:42:24', '2016-11-02 20:42:24'),
(707, 5, 'rode wijn', NULL, NULL, NULL, '2015-02-01 11:15:47', '2015-05-23 11:39:06', '2015-05-23 11:39:06'),
(708, 5, 'Twany Port', NULL, NULL, NULL, '2015-02-01 11:16:07', '2015-10-02 17:14:43', '2015-10-02 17:14:43'),
(709, 5, 'lekkere whiskey', NULL, NULL, NULL, '2015-02-01 11:16:33', '2015-05-23 11:39:03', '2015-05-23 11:39:03'),
(710, 5, 'kaarsen voor in tafel kandelaar', NULL, NULL, NULL, '2015-02-01 11:17:06', '2015-02-19 17:38:49', '2015-02-19 17:38:49'),
(711, 5, 'Game: Life is strange', 'http://store.steampowered.com/app/319630/', NULL, NULL, '2015-02-01 13:35:55', '2015-02-19 17:38:53', '2015-02-19 17:38:53'),
(712, 5, 'Dolce & Gabbana light blue', 'http://www.dolcegabbana.com/beauty/perfumes/women/light-blue/', NULL, NULL, '2015-02-01 13:51:25', '2015-03-06 18:06:46', '2015-03-06 18:06:46'),
(713, 8, 'Platte multi die set (groen of blauw)', 'http://www.frpgames.com/cart.php?m=product_detail&p=56175#.VOBrpIHtSrU', NULL, NULL, '2015-02-15 10:51:08', '2015-06-21 13:42:44', '2015-06-21 13:42:44'),
(714, 10, 'Nieuwe Regenlaarzen (maat 24/25)', NULL, NULL, NULL, '2015-03-21 13:57:20', '2015-05-16 11:27:10', '2015-05-16 11:27:10'),
(715, 3, 'noorderwind (bordspel)', NULL, NULL, NULL, '2015-04-24 16:40:14', '2015-10-06 01:26:47', '2015-10-06 01:26:47'),
(716, 6, 'kloof wig wood grenade', 'http://www.toolstation.nl/m/part.html?p=40058', NULL, NULL, '2015-04-26 14:08:44', '2015-11-04 19:10:09', '2015-11-04 19:10:09'),
(717, 6, 'handbijl', 'http://www.toolstation.nl/m/part.html?p=99611', NULL, NULL, '2015-04-26 14:09:30', '2015-11-04 19:10:21', '2015-11-04 19:10:21'),
(718, 6, 'bijl', 'http://www.toolstation.nl/m/part.html?p=28005', NULL, NULL, '2015-04-26 14:10:29', '2015-11-04 19:10:16', '2015-11-04 19:10:16'),
(719, 6, 'foudraal van handpresso', NULL, NULL, NULL, '2015-04-27 21:20:10', '2015-05-07 12:52:12', '2015-05-07 12:52:12'),
(720, 6, 'sudderplaat 15cm of groter', 'https://www.meesterslijpers.nl/keukenartikelen/sudderplaat-15cm-voor-sudderen-van-gerechten', 8, '2016-11-20 13:19:43', '2015-04-28 18:07:41', '2017-01-26 20:55:10', '2017-01-26 20:55:10'),
(721, 6, 'Foudraal Handpresso', 'http://www.koffiecentrale.nl/handpresso-travel-case?gclid=CLH4xIaxmcUCFYoEwwodyAYAKA', 2, '2015-11-24 03:16:48', '2015-04-28 18:08:27', '2016-01-20 12:43:14', '2016-01-20 12:43:14'),
(722, 6, 'staafmixer', NULL, NULL, NULL, '2015-04-28 21:35:48', '2016-04-01 15:07:00', '2016-04-01 15:07:00'),
(723, 6, 'combi ramenwisser', 'http://www.huishoudonline.nl/site/index.php/shop/product/view/34/533', NULL, NULL, '2015-05-07 13:14:33', '2015-05-07 13:14:33', NULL),
(724, 6, 'leuke tuinplanten gieter', NULL, NULL, NULL, '2015-05-07 13:15:44', '2015-05-25 11:35:57', '2015-05-25 11:35:57'),
(725, 6, 'espresso tamper, 53mm, rvs/alu - zwart', 'https://www.vanpommeren.nl/joe-frex-pop-zwart-tamper-hps.html', NULL, NULL, '2015-05-09 14:22:05', '2016-04-24 18:35:18', '2016-04-24 18:35:18'),
(726, 8, 'Pyjama Koekiemonster', 'http://www.large.nl/art_283574/', NULL, NULL, '2015-05-16 11:25:31', '2015-05-16 11:25:31', NULL),
(727, 11, 'Trip Trapp stoel ', 'http://tripptrapp.guru-dev1.com/wp-content/uploads/2014/01/stokke-tripp-trapp-high-chair1.jpg', NULL, NULL, '2015-05-18 21:27:36', '2015-06-27 20:44:45', '2015-06-27 20:44:45'),
(728, 11, 'Plankje voor aan de kinderwagen (liefst met zadel) (kinderwagen is een Bugaboo', 'http://www.google.nl/imgres?imgurl=http://www.kamielenco.be/online-babyshop/published/publicdata/MYW', NULL, NULL, '2015-05-18 21:29:43', '2015-09-03 14:13:09', '2015-09-03 14:13:09'),
(729, 7, 'Vijzel: hoog bekermodel', 'http://s.s-bol.com/imgbase0/imagebase3/regular/FC/2/7/8/4/9200000002834872.jpg', 5, '2016-11-30 11:48:13', '2015-05-23 10:02:12', '2016-12-05 22:27:08', '2016-12-05 22:27:08'),
(730, 5, 'staafmixer', NULL, NULL, NULL, '2015-05-23 11:38:59', '2015-10-02 17:29:49', '2015-10-02 17:29:49'),
(731, 11, 'Natusan Baby Bedtime Bath Badschuim', NULL, NULL, NULL, '2015-06-21 13:45:17', '2016-11-02 19:40:05', '2016-11-02 19:40:05'),
(732, 11, 'Stoer beddengoed voor ledikantje (lakens en dekens, ca 120x150)', NULL, NULL, NULL, '2015-06-21 13:47:13', '2017-08-14 21:11:49', '2017-08-14 21:11:49'),
(733, 11, 'Stoer boxkleed (80x110cm)', NULL, NULL, NULL, '2015-06-21 13:47:40', '2016-04-01 23:35:58', '2016-04-01 23:35:58'),
(734, 10, 'Knikkerbaan', NULL, NULL, NULL, '2015-06-27 20:43:13', '2015-11-14 23:00:33', '2015-11-14 23:00:33'),
(735, 10, 'Duplo helikopter', NULL, NULL, NULL, '2015-06-27 20:43:25', '2015-11-14 23:00:20', '2015-11-14 23:00:20'),
(736, 11, 'Stoere kussenset voor oranje tripp trapp', 'https://www.stokke.com/NLD/nl-nl/w/accessories/1003.html', NULL, NULL, '2015-06-27 20:46:33', '2016-09-14 11:05:42', '2016-09-14 11:05:42'),
(737, 11, 'Tripp Trapp newborn textiel set (mag gerust tweedehands)', NULL, NULL, NULL, '2015-06-27 20:47:21', '2016-04-01 23:36:06', '2016-04-01 23:36:06'),
(738, 11, 'Stokke flexi bath', 'https://www.stokke.com/NLD/nl-nl/kinderkamer/stokke-flexibath/3288.html#content', NULL, NULL, '2015-06-27 20:49:00', '2015-07-31 14:26:25', '2015-07-31 14:26:25'),
(739, 11, 'Stokke Flexi Bath Newborn Support', 'https://www.stokke.com/NLD/nl-nl/w/accessories/329400.html', NULL, NULL, '2015-06-27 20:49:40', '2015-07-31 14:26:28', '2015-07-31 14:26:28'),
(740, 11, 'Trappelzak die je in de maxi-cosi kan doen (dus met gleuf voor gordel) en die je dicht kan ritsen', NULL, NULL, NULL, '2015-06-27 20:52:00', '2016-02-25 20:43:49', '2016-02-25 20:43:49'),
(741, 11, 'Klein zacht (volume) muziek maak dingetje voor bedtijd', NULL, NULL, NULL, '2015-06-27 20:53:00', '2015-09-13 23:13:35', '2015-09-13 23:13:35'),
(742, 11, 'Oorthermometer', NULL, NULL, NULL, '2015-06-27 20:56:03', '2016-02-25 20:43:59', '2016-02-25 20:43:59'),
(743, 10, 'Ikea Ljusa zaklamp', NULL, NULL, NULL, '2015-06-28 13:43:23', '2016-07-06 10:40:36', '2016-07-06 10:40:36'),
(744, 10, 'Ikea plufsig gymnastiekmat', NULL, NULL, NULL, '2015-06-28 13:43:54', '2015-07-28 12:24:44', '2015-07-28 12:24:44'),
(745, 8, 'Tickets voor theater "Harry babba" op 19april in de koninklijke schouwburg', NULL, NULL, NULL, '2015-07-07 21:39:17', '2015-11-01 19:08:13', '2015-11-01 19:08:13'),
(746, 11, 'Gekleurde Buddy Hooks', 'http://www.umbra.com/eur/buddy-hooks-assorted-colors', NULL, NULL, '2015-07-10 21:57:34', '2015-11-14 23:10:16', '2015-11-14 23:10:16'),
(747, 10, 'Boek "de mooiste verhalen van egel en muis" van Marianne Busser', 'http://www.bol.com/nl/p/de-mooiste-verhalen-van-muis-en-egel/9200000011356649/', NULL, NULL, '2015-07-10 22:02:54', '2016-07-06 10:40:47', '2016-07-06 10:40:47'),
(748, 10, 'Boek " Hoera, ik ben 3!"', 'http://www.bol.com/nl/p/hoera-ik-ben-3/9200000015581083/', NULL, NULL, '2015-07-10 22:03:20', '2015-08-03 11:42:48', '2015-08-03 11:42:48'),
(749, 10, 'Kinderbijbel van Marianne Busser ', 'http://www.bol.com/nl/p/bijbel-voor-kinderen-oude-testament-nieuwe-testament/1001004005015903/', NULL, NULL, '2015-07-10 22:04:02', '2015-10-20 11:43:13', '2015-10-20 11:43:13'),
(750, 10, 'Boekje(s) van Jan & Noortje', 'http://www.bol.com/nl/p/jan-noortje-nieuw-hondje-stomme-poppendief/1001004002767110/', NULL, NULL, '2015-07-10 22:04:36', '2017-07-19 20:57:48', '2017-07-19 20:57:48'),
(751, 10, 'Boekjes van Noortje (auteur Annemarie van der Heijden)', 'http://www.bol.com/nl/c/boeken/annemarie-van-der-heijden/3371042/index.html?lastId=61', NULL, NULL, '2015-07-10 22:06:49', '2015-11-14 23:07:23', '2015-11-14 23:07:23'),
(752, 3, 'Dresden Files RPG', 'http://www.evilhat.com/home/dresden-files-rpg/', NULL, NULL, '2015-07-17 22:22:13', '2015-10-28 22:26:27', '2015-10-28 22:26:27'),
(753, 10, 'Kleding voor baby born pop', NULL, NULL, NULL, '2015-07-23 15:49:43', '2015-10-20 11:43:19', '2015-10-20 11:43:19'),
(754, 10, 'Nieuw hoofdkussen (normaal formaat, wel dun)', NULL, NULL, NULL, '2015-07-28 09:34:10', '2015-07-28 09:34:10', NULL),
(755, 10, 'Leuk vloerkleed (maximaal 70cm breed)', NULL, NULL, NULL, '2015-07-28 12:25:08', '2016-11-04 17:28:43', '2016-11-04 17:28:43'),
(756, 3, 'Vash the Stampede action figure', 'http://www.comics.nl/products/q:vash+the+stampede', NULL, NULL, '2015-07-28 15:10:13', '2015-08-14 10:32:26', '2015-08-14 10:32:26'),
(757, 10, 'Magnetische vormendoos van Woezel & Pip', 'http://www.zwijsen.nl/Webwinkel/Productdetail/9789048722525_Woezel-Pip-magnetische-vormendoos.htm', NULL, NULL, '2015-07-29 14:27:25', '2016-07-06 10:41:38', '2016-07-06 10:41:38'),
(758, 10, 'Schrijfkaarten van Woezel en Pip', 'http://www.zwijsen.nl/Webwinkel/Productdetail/9789048722532_Woezel-Pip-schrijfkaarten.htm', 2, '2015-11-25 02:10:43', '2015-07-29 14:28:53', '2015-12-06 12:13:05', '2015-12-06 12:13:05'),
(759, 11, 'Sokken', NULL, NULL, NULL, '2015-08-01 11:59:21', '2015-08-06 21:29:41', '2015-08-06 21:29:41'),
(760, 11, 'Broek met sokken eraan vast (maat 74)', NULL, NULL, NULL, '2015-08-01 11:59:35', '2016-07-06 10:44:52', '2016-07-06 10:44:52'),
(761, 11, 'Doos voor billendoekjes', 'http://static.webshopapp.com/shops/020193/files/014448561/funkybox-billendoekjes-houder.jpg', NULL, NULL, '2015-08-10 14:20:59', '2015-10-29 10:09:05', '2015-10-29 10:09:05'),
(762, 11, 'Speelkleed (voor buiten) met plastic waterdichte onderkant', NULL, NULL, NULL, '2015-08-10 14:21:24', '2016-07-06 10:45:03', '2016-07-06 10:45:03'),
(763, 2, 'blender', NULL, NULL, NULL, '2015-08-14 02:29:58', '2016-08-25 01:32:51', '2016-08-25 01:32:51'),
(764, 2, 't-shirt (M)', NULL, NULL, NULL, '2015-08-14 02:32:57', '2016-11-02 20:34:41', NULL),
(765, 2, 'normale eetborden wit met een randje, niet zo groot als we nu hebben', NULL, NULL, NULL, '2015-08-14 02:34:18', '2015-09-27 23:42:25', '2015-09-27 23:42:25'),
(766, 2, 'koffiekopjes voor een dubbele espresso', NULL, NULL, NULL, '2015-08-14 02:37:57', '2015-09-25 00:26:42', '2015-09-25 00:26:42'),
(767, 2, 'whiteboard-stift', NULL, 8, '2015-09-24 14:01:07', '2015-08-14 02:39:51', '2015-09-25 00:26:34', '2015-09-25 00:26:34'),
(768, 11, 'Sprookjesboek', NULL, NULL, NULL, '2015-08-17 17:55:56', '2015-12-06 13:48:44', '2015-12-06 13:48:44'),
(769, 11, 'Voorleesboek voor stoere jongens (bijv Pietertje Pet)', 'http://www.bol.com/nl/p/het-grote-pietertje-pet-boek/1001004002093921/', 2, '2015-11-25 02:17:54', '2015-08-17 17:56:33', '2015-12-06 13:48:39', '2015-12-06 13:48:39'),
(770, 7, 'Koekenpan met metalen handvat (voor in de oven)', NULL, 2, '2015-09-28 17:15:03', '2015-08-19 18:40:52', '2015-10-28 20:29:58', '2015-10-28 20:29:58'),
(771, 7, 'Dashcam', NULL, 8, '2016-09-14 11:03:09', '2015-08-19 18:41:06', '2016-11-02 19:56:49', '2016-11-02 19:56:49'),
(772, 7, 'Quadcopter (drone)', NULL, NULL, NULL, '2015-08-19 18:41:14', '2015-09-06 14:40:08', '2015-09-06 14:40:08'),
(773, 7, 'J.Rom 2', 'http://jerom.ophetwww.net/forceofgold/02.php', 5, '2015-10-16 02:36:41', '2015-08-23 11:11:04', '2015-10-28 20:30:03', '2015-10-28 20:30:03'),
(774, 8, 'Shower foam (van dat schuimende douchespul) van Rituals, Douglas of Hema', NULL, NULL, NULL, '2015-08-23 21:40:34', '2016-02-25 20:33:18', '2016-02-25 20:33:18'),
(775, 11, 'Inbakerdoek', NULL, NULL, NULL, '2015-09-03 10:54:40', '2015-10-28 20:33:38', '2015-10-28 20:33:38'),
(776, 7, 'Headset (Kinston HyperX Cloud)', 'http://tweakers.net/pricewatch/386009/kingston-hyperx-cloud-zwart.html', NULL, NULL, '2015-09-04 14:42:07', '2016-02-03 14:04:55', '2016-02-03 14:04:55'),
(777, 11, 'Gedichtenboek " ''s Avonds laat" van Annie MG Schmidt', 'http://www.bol.com/nl/p/s-avonds-laat/9200000040986889/?bltg=itm_event%3dclick%26pg_nm%3dnederlandse', NULL, NULL, '2015-09-06 15:00:17', '2015-10-29 10:09:29', '2015-10-29 10:09:29'),
(778, 8, 'Vijf jaren dagboek', 'http://www.bol.com/nl/p/een-vraag-per-dag-dagboek-voor-5-jaar/9200000026165412/', NULL, NULL, '2015-09-06 15:02:35', '2016-02-25 20:33:28', '2016-02-25 20:33:28'),
(779, 11, 'XXL hydrofieldoeken (Hema)', NULL, NULL, NULL, '2015-09-07 16:49:08', '2015-10-31 22:20:13', '2015-10-31 22:20:13'),
(780, 11, 'Rompers met lange mouwen (maat 62<)', NULL, NULL, NULL, '2015-09-07 16:51:44', '2015-10-31 22:20:17', '2015-10-31 22:20:17'),
(781, 11, 'Oranje Verlengde glijders voor Tripp Trapp stoel', 'https://www.stokke.com/NLD/nl-nl/w/toebehoren/3315.html', NULL, NULL, '2015-09-18 11:28:36', '2015-11-17 20:05:03', '2015-11-17 20:05:03'),
(782, 2, 'Boek: Stieg Larsson deel 3 (en 4?) van de Millenium trilogie', NULL, 1, '2015-11-24 04:03:39', '2015-09-27 23:44:23', '2015-12-08 03:55:43', '2015-12-08 03:55:43'),
(783, 3, 'messenmagneet', NULL, 2, '2015-11-24 02:57:31', '2015-09-28 21:08:57', '2015-12-09 17:02:55', '2015-12-09 17:02:55'),
(784, 3, 'gereedschapskist (gewoon grote bak)', NULL, NULL, NULL, '2015-09-28 21:10:30', '2015-09-28 21:10:30', NULL),
(785, 3, 'slijpmachine', NULL, NULL, NULL, '2015-09-28 21:11:07', '2016-11-02 19:59:35', '2016-11-02 19:59:35'),
(786, 3, 'binnenhuis planten', NULL, NULL, NULL, '2015-09-28 21:11:14', '2017-09-26 09:37:15', '2017-09-26 09:37:15'),
(787, 3, 'buiten planten', NULL, NULL, NULL, '2015-09-28 21:11:23', '2017-09-26 09:37:17', '2017-09-26 09:37:17'),
(788, 10, 'Prinsessenkroon', NULL, NULL, NULL, '2015-09-30 18:25:14', '2016-07-06 10:41:44', '2016-07-06 10:41:44'),
(789, 10, 'Toverstaf', NULL, 5, '2015-11-19 20:48:49', '2015-09-30 18:25:20', '2015-12-06 12:13:09', '2015-12-06 12:13:09'),
(790, 11, 'Avent Natural flessen en flesspenen', NULL, NULL, NULL, '2015-09-30 21:01:22', '2015-10-28 20:34:25', '2015-10-28 20:34:25'),
(791, 11, 'Philips Avent flessen sterilisator', 'http://www.ah.nl/producten/product/wi180892/philips-avent-sterilisator-magnetron', NULL, NULL, '2015-09-30 21:01:52', '2015-10-29 10:09:21', '2015-10-29 10:09:21'),
(792, 5, 'USB-laadstation zwart, rood, grijs', 'https://www.conrad.nl/nl/audiosonic-pb-1726-usb-oplader-usb-laadstation-uitgangsstroom-max-4500-ma-4', NULL, NULL, '2015-10-02 17:14:34', '2015-10-02 17:29:41', '2015-10-02 17:29:41'),
(793, 5, 'Blender PHILIPS HR2095 AVANCE COLLECTION', 'http://www.blenderstore.nl/product/583946/category-196672/philips-hr2196-08-avance.html', NULL, NULL, '2015-10-02 17:29:30', '2016-01-23 15:32:08', '2016-01-23 15:32:08'),
(794, 5, '(bijdrage) stofzuiger  Philips Performer Expert)', 'http://www.kieskeurig.nl/stofzuiger/product/2325412-philips-fc8723/prijzen', NULL, NULL, '2015-10-02 17:46:29', '2015-10-26 10:34:44', '2015-10-26 10:34:44'),
(795, 8, 'Glazen voor dessertwijn (heel smal)', 'http://www.marlieenfelice.nl/shop/assets/im/producten/170x170/302894cb73c9a553ed7a944a31eece2c.jpg', 7, '2016-08-29 11:32:56', '2015-10-04 11:11:23', '2016-09-14 11:08:00', '2016-09-14 11:08:00'),
(796, 8, 'Zoete witte dessertwijn', NULL, NULL, NULL, '2015-10-04 22:47:34', '2015-10-04 22:47:34', NULL),
(797, 11, 'Ketting voor fopspeen', NULL, NULL, NULL, '2015-10-04 23:44:34', '2015-11-17 20:05:16', '2015-11-17 20:05:16'),
(798, 8, 'nieuwe Dikke Van Dale', NULL, NULL, NULL, '2015-10-05 15:14:40', '2016-02-25 20:33:38', '2016-02-25 20:33:38'),
(799, 5, 'STABILO Pen 68 (zie afbeelding icon welke ik al heb. Zie link welke er nog zijn)', 'http://www.petervanginkel.nl/cat/614/schwann-stabilo-pen-68', NULL, NULL, '2015-10-08 19:43:43', '2017-03-11 14:52:40', '2017-03-11 14:52:40'),
(800, 5, 'Nieuw Koffertje voor camping gasstel', 'http://images.internetstores.de/products/375723/04/a871a2/Campingaz_CampBistro_gaskooktoestel_blauw_', NULL, NULL, '2015-10-11 16:33:27', '2016-08-31 22:47:53', '2016-08-31 22:47:53'),
(801, 5, 'Opstapelbare bewaarkratten voor camper', NULL, NULL, NULL, '2015-10-11 16:36:15', '2016-08-31 22:47:57', '2016-08-31 22:47:57'),
(802, 5, 'Zonecel telefoon oplader accu opwinder iets', NULL, NULL, NULL, '2015-10-11 16:38:02', '2016-11-02 20:29:40', '2016-11-02 20:29:40'),
(803, 5, 'Hele zooi ouderwetse scharen van vroeger', NULL, NULL, NULL, '2015-10-12 18:58:19', '2015-10-16 02:21:10', '2015-10-16 02:21:10'),
(804, 5, 'Zooi Ouderwetse scharen (scherp/nieuw)', 'http://www.scolair.nl/fotos/800x600/395_1.jpg', NULL, NULL, '2015-10-12 19:02:00', '2015-10-26 10:35:07', '2015-10-26 10:35:07'),
(805, 5, '2e hands Textiel dames motorpak (maat s)', NULL, NULL, NULL, '2015-10-16 01:16:17', '2015-10-16 01:16:17', NULL),
(806, 5, 'Ticket musical Billy Elliot of Bodyguard, tweeling (samen met gever er heen?)', 'http://www.stage-entertainment.nl/shows/musical/', NULL, NULL, '2015-10-16 01:32:15', '2016-01-23 15:32:19', '2016-01-23 15:32:19'),
(807, 5, 'Nude polish, nagellak huidskleur merk Essie of OPI (bv: NLG20 My Very First Knockwurst)', 'http://www.opi.com/color/my-very-first-knockwurst#wOx8VH6jEFwBt6h4.97', NULL, NULL, '2015-10-16 01:50:33', '2016-11-03 19:08:59', '2016-11-03 19:08:59'),
(808, 5, 'Kerst red sand nagelak dat lijkt op OPI NLM54-JINX ', 'http://i.ebayimg.com/images/g/GbUAAOSwNgxWD-NU/s-l1600.jpg', NULL, NULL, '2015-10-16 02:07:29', '2017-03-11 14:52:47', '2017-03-11 14:52:47'),
(809, 5, 'nagellak met SAND EFFECT (elke kleur mag)', 'http://www.beautylab.nl/essence-sparkle-sand-effect/', NULL, NULL, '2015-10-16 02:13:15', '2016-11-02 20:29:45', '2016-11-02 20:29:45'),
(810, 5, 'DE WIND VAN NERGENS (ELIXERS 3) - STRIPVERHAAL', 'http://www.bol.com/nl/p/elixers-3-de-wind-van-nergens/9200000022383264/', 3, '2015-11-21 12:51:08', '2015-10-16 02:30:06', '2015-12-07 19:45:05', '2015-12-07 19:45:05'),
(811, 5, 'HET GELUID VAN DE STERREN (YTHAQ 3) - STRIPVERHAAL', 'http://www.bol.com/nl/p/ythaq-3-het-geluid-van-de-sterren/1001004005498516/', 2, '2015-11-24 02:57:08', '2015-10-16 02:31:09', '2015-12-07 19:45:13', '2015-12-07 19:45:13'),
(812, 5, 'Top coat mat (opi of essie)', 'https://media.douglas-shop.com/741821/900_0/OPI-Base_Top_Coats-Matte_Top_Coat.jpg', NULL, NULL, '2015-10-16 19:42:33', '2016-08-31 22:48:18', '2016-08-31 22:48:18'),
(813, 5, 'Magnetron deksel (tegen spatten)', NULL, NULL, NULL, '2015-10-26 10:35:57', '2016-02-06 23:00:31', '2016-02-06 23:00:31'),
(814, 8, 'Soksloffen van Collegien (maat 38)', NULL, NULL, NULL, '2015-10-28 23:27:40', '2015-10-28 23:27:40', NULL),
(815, 11, 'Soksloffen van Collegien (maat 21)', '', NULL, NULL, '2015-10-28 23:28:40', '2017-08-14 21:11:51', '2017-08-14 21:11:51'),
(816, 11, 'Uitbreidingen houten trein van Ikea', 'http://www.ikea.com/nl/nl/catalog/categories/series/11673/', NULL, NULL, '2015-10-29 10:08:55', '2016-07-17 15:01:09', '2016-07-17 15:01:09'),
(817, 3, 'suikerlepel voor in hagelslagblik', NULL, 5, '2015-11-15 19:02:36', '2015-10-31 18:29:45', '2015-12-09 17:02:49', '2015-12-09 17:02:49'),
(818, 8, 'E-book Todhunter Moon deel2: Sandrider', 'http://www.bol.com/nl/p/todhunter-moon-book-two-sandrider/9200000039043097/', NULL, NULL, '2015-11-01 19:09:49', '2016-07-06 10:57:28', NULL),
(819, 10, 'Spel Nijntje Stoelendans', 'http://www.bol.com/nl/p/nijntje-stoelendans-kinderspel/9200000038629931/', NULL, NULL, '2015-11-01 19:10:38', '2015-11-12 14:10:25', '2015-11-12 14:10:25'),
(820, 8, 'Boek: Gangster Anders', 'http://www.bol.com/nl/p/gangster-anders-en-zijn-vrienden/9200000046234132/', 2, '2015-11-24 02:42:24', '2015-11-01 19:12:34', '2015-12-06 12:12:33', '2015-12-06 12:12:33'),
(821, 11, 'Houten vliegtuigjes, auto''s, treinen, boten etc. ', '', NULL, NULL, '2015-11-01 19:27:54', '2017-06-11 15:03:35', NULL),
(822, 10, 'Spel: Woezel en PiP verstoppertje spelen', 'http://www.bol.com/nl/p/woezel-pip-verstoppertje-spelen-kinderspel/9200000027680139/?bltg=itm_event%', NULL, NULL, '2015-11-01 19:32:16', '2016-07-06 10:41:57', '2016-07-06 10:41:57'),
(823, 5, 'Je favorite merk Mascara ', '', NULL, NULL, '2015-11-05 12:26:48', '2017-01-26 20:57:13', '2017-01-26 20:57:13'),
(824, 3, 'bewegingsmelder', 'http://www.toolstation.nl/shop/p23084?table=no', NULL, NULL, '2015-11-07 10:41:17', '2017-10-25 15:04:59', '2017-10-25 15:04:59'),
(825, 4, 'KnolPower id tag', 'https://knolpower.nl/webstore/accesoires/28-id-tag.html', 2, '2015-11-24 02:16:26', '2015-11-07 12:28:36', '2015-12-09 17:11:09', '2015-12-09 17:11:09'),
(826, 4, 'ezra''s lightsaber', 'http://www.funidelia.nl/lichtzwaard-ezra-star-wars-rebels-30307.html', NULL, NULL, '2015-11-07 12:37:47', '2017-10-27 21:32:11', NULL),
(827, 9, 'Ik ben dol op Cars, Planes en Minions', NULL, 2, '2015-11-25 02:26:43', '2015-11-07 12:39:50', '2017-05-12 16:07:42', '2017-05-12 16:07:42'),
(828, 9, 'knutsel spul', NULL, NULL, NULL, '2015-11-07 12:40:26', '2017-05-12 16:10:43', '2017-05-12 16:10:43'),
(829, 5, 'Spinnenweb weghaler', NULL, NULL, NULL, '2015-11-07 13:52:15', '2015-11-07 18:06:39', '2015-11-07 18:06:39'),
(830, 5, 'Thee blik dille kamille, vertind metaal', 'http://www.dille-kamille.nl/nl/shop/c/111/a/289/blikje-voor-thee-vertind-metaal-9-cm', NULL, NULL, '2015-11-08 18:15:17', '2015-11-08 18:17:25', '2015-11-08 18:17:25'),
(831, 5, 'Theeblikjes met aromadeksel 40gram (hele zooi))', 'http://www.theebloemenonline.nl/theeblikje-met-aromadeksel.html', 8, '2015-11-20 23:06:10', '2015-11-08 18:20:46', '2016-01-23 15:32:57', '2016-01-23 15:32:57'),
(832, 5, 'Thee bewaar blikken met aromadeksel 100gram (hele zooi)', 'http://www.theebloemenonline.nl/theeblikje-met-koepel-en-aromadeksel.html', 2, '2016-01-26 02:37:28', '2015-11-08 18:22:45', '2016-08-31 22:48:31', '2016-08-31 22:48:31'),
(833, 8, 'De Bijbel Glossy', 'http://www.ichthusboekhandel.nl/nl/product/8710206246073/bijbel-de-glossy.html', 5, '2016-11-30 11:31:38', '2015-11-09 22:09:16', '2016-12-07 10:38:16', '2016-12-07 10:38:16'),
(834, 6, 'Tajine, groot en met diepe onderkant, Merk: Cosy & Trendy  Model: 955847 Of gelijkwaardig', 'http://www.tools4chefs.com/index.php?route=product%2Fproduct&product_id=753#.VkHmcMp9-As.gmail', 5, '2015-12-02 15:11:48', '2015-11-10 13:42:52', '2016-01-20 12:43:21', '2016-01-20 12:43:21'),
(835, 5, 'pook die ik kan tillen om stukken hout goed te positioneren', NULL, NULL, NULL, '2015-11-15 18:49:45', '2017-01-26 20:57:16', '2017-01-26 20:57:16'),
(836, 2, 'lampenolie', NULL, NULL, NULL, '2015-11-16 01:55:25', '2015-11-16 01:55:25', NULL),
(837, 2, 'wekradio,simpel', NULL, 5, '2015-11-23 18:17:22', '2015-11-16 01:55:44', '2015-12-08 03:55:28', '2015-12-08 03:55:28'),
(838, 3, 'Eenvoudige stoere olie en/of azijn fles', '', 6, '2016-12-04 16:38:22', '2015-11-16 20:48:51', '2016-12-14 10:00:06', '2016-12-14 10:00:06'),
(839, 5, 'liguid nail tape. Pretty Polish website:', 'http://www.prettypolish.nl/liquid-nail-art-tape-zwart.html', NULL, NULL, '2015-11-19 17:48:24', '2017-01-26 20:57:18', '2017-01-26 20:57:18'),
(840, 5, 'Kérastase Reflection Masque Chroma Captive Masker', 'http://www.beslist.nl/gezond_mooi/d0017014188/K%E9rastase_Reflection_Masque_Chroma_Captive_Masker_Ge', NULL, NULL, '2015-11-20 10:49:33', '2016-02-06 23:00:22', '2016-02-06 23:00:22'),
(841, 5, 'Douchegordijn zonder letters! (wit, blauw achtig)', NULL, NULL, NULL, '2015-11-20 10:52:46', '2016-03-02 15:46:28', '2016-03-02 15:46:28'),
(842, 5, 'Bordenrek voor in 29cm hoge la', NULL, NULL, NULL, '2015-11-20 10:59:25', '2016-08-31 22:48:47', '2016-08-31 22:48:47'),
(843, 3, 'boekensteunen', NULL, NULL, NULL, '2015-11-21 11:26:04', '2015-11-21 11:26:04', NULL),
(844, 1, 'digitale bandenspanningsmeter, Carpoint Digital Tyre Gauge Solar  Prijs: €19 ', 'http://www.halfords.nl/', 5, '2015-11-22 17:30:05', '2015-11-21 12:59:05', '2015-12-08 04:01:39', '2015-12-08 04:01:39'),
(845, 1, 'trui xxl', NULL, 8, '2016-11-20 12:07:47', '2015-11-23 13:19:38', '2017-10-25 22:22:16', '2017-10-25 22:22:16'),
(846, 1, 'OUMBÄRLIG Koekenpan € 14.95 Ikea', 'http://www.ikea.com/nl/nl/images/products/oumbarlig-koekenpan__0323366_PE516727_S4.JPG', NULL, NULL, '2015-11-23 13:30:02', '2017-10-25 22:22:09', '2017-10-25 22:22:09'),
(847, 5, 'Mega Lange kralen kettingen ( heb al in geel en petrol)', NULL, NULL, NULL, '2015-12-02 11:38:08', '2017-10-27 21:34:09', NULL),
(848, 3, 'The Kingkiller trilogie', NULL, NULL, NULL, '2015-12-03 09:57:32', '2017-10-25 15:05:06', '2017-10-25 15:05:06'),
(849, 2, 'Het galactisch bestel, Julian May, deel 3,4,5  Jack, Diamanten masker en Magnitifcat.', NULL, NULL, NULL, '2015-12-08 03:58:45', '2016-03-21 01:49:41', '2016-03-21 01:49:41'),
(850, 2, 'Boek: Millenium deel 4', NULL, NULL, NULL, '2015-12-08 04:00:02', '2016-03-21 01:49:50', '2016-03-21 01:49:50'),
(851, 3, 'Jamie in 30 minuten (kookboek)', NULL, NULL, NULL, '2015-12-09 17:02:34', '2015-12-09 17:02:34', NULL),
(852, 10, 'Spulletjes van Minnie Mouse, Katrien Duck, Hello Kitty, Paw Patrol of prinsessen', NULL, NULL, NULL, '2016-02-25 20:40:11', '2016-02-25 20:40:11', NULL),
(853, 11, 'Kleding (maat 92), bijvoorbeeld van merk Maxomorra', '', NULL, NULL, '2016-02-25 20:45:41', '2017-08-14 21:11:55', '2017-08-14 21:11:55'),
(854, 6, 'Mobiel endoscoop 10m, android', 'http://www.amazon.com/gp/aw/d/B01533YPIQ/ref=mp_s_a_1_2/178-1186733-8706222?qid=1459515830&sr=8-2&pi', NULL, NULL, '2016-04-01 15:06:21', '2016-04-01 15:06:21', NULL),
(855, 8, 'Tickets With Harp and Soul - Residentie Orkest', 'http://www.residentieorkest.nl/concerten/harp-and-soul/', NULL, NULL, '2016-04-01 23:34:25', '2016-11-04 17:32:05', '2016-11-04 17:32:05'),
(856, 3, 'stevig schuurpapier', NULL, NULL, NULL, '2016-04-16 12:37:40', '2016-05-04 13:24:21', '2016-05-04 13:24:21'),
(857, 7, 'Nikon ML-L3 fototoestel afstandsbediening', 'http://tweakers.net/pricewatch/150022/nikon-af-ml-l3-infrared-remote-control.html', NULL, NULL, '2016-04-16 17:27:00', '2016-12-05 22:27:14', '2016-12-05 22:27:14'),
(858, 6, 'messen slijpstenen (waterstenen; 220 tm 5000) ', 'http://www.knivesandtools.nl/nl/pt/-eden-quality-slijppakket-driedelig.htm#tabbutton1', NULL, NULL, '2016-04-24 18:38:39', '2016-04-24 18:38:39', NULL),
(859, 6, 'Sigaren aansteker', 'http://www.knivesandtools.nl/nl/pt/-turboflame-ranger-twin-laser-jet-flame-zwart.htm', 8, '2016-04-24 21:24:07', '2016-04-24 18:47:00', '2016-11-02 20:43:13', '2016-11-02 20:43:13'),
(860, 6, 'beetje degelijk pur pistool', NULL, NULL, NULL, '2016-04-25 20:51:42', '2016-11-02 20:43:11', '2016-11-02 20:43:11'),
(861, 3, 'fotolijstjes voor aan de schouw', NULL, NULL, NULL, '2016-05-01 11:47:25', '2017-09-26 09:38:03', '2017-09-26 09:38:03'),
(862, 3, 'cash ''n guns (bordspel)', 'http://www.amazon.com/Cash-N-Guns-Second-Edition/dp/B00KU10OUU', NULL, NULL, '2016-05-18 15:57:27', '2016-09-14 11:09:19', '2016-09-14 11:09:19'),
(863, 10, 'Boekjes mini loco (vanaf 4 of 5 jaar)', NULL, NULL, NULL, '2016-07-06 10:43:56', '2016-09-14 11:04:32', '2016-09-14 11:04:32'),
(864, 10, 'Step', NULL, NULL, NULL, '2016-07-06 10:44:04', '2016-07-16 17:54:12', '2016-07-16 17:54:12'),
(865, 10, 'Verrekijker', NULL, NULL, NULL, '2016-07-06 10:44:10', '2016-11-04 17:29:04', '2016-11-04 17:29:04'),
(866, 11, 'Oppas', NULL, NULL, NULL, '2016-07-06 10:45:25', '2017-05-19 15:30:41', '2017-05-19 15:30:41'),
(867, 11, 'Verstoppertje spel van Nijntje, Woezel of Kikker', 'https://www.bol.com/nl/s/speelgoed/zoekresultaten/Ntt/verstoppertje%2Bspelen/N/7934/Nty/1/search/tru', NULL, NULL, '2016-07-06 10:47:04', '2016-12-07 10:36:22', '2016-12-07 10:36:22'),
(868, 11, 'Stapelbekers', 'https://www.bol.com/nl/p/fisher-price-stapelbekertjes/1004004006940103/', 3, '2016-11-19 11:55:09', '2016-07-06 10:50:25', '2016-12-07 10:36:23', '2016-12-07 10:36:23'),
(869, 11, 'Little People vliegtuig', 'https://www.bol.com/nl/p/fisher-price-little-people-vliegtuig-speelfigurenset/1004004013389260/', 2, '2016-08-25 01:49:39', '2016-07-06 10:52:37', '2016-09-14 11:05:55', '2016-09-14 11:05:55'),
(870, 11, 'Lamaze Trusten uil', 'https://www.bol.com/nl/p/tomy-lamaze-trusten-uil/9200000023953206/', NULL, NULL, '2016-07-06 10:56:44', '2017-06-11 15:02:40', '2017-06-11 15:02:40'),
(871, 10, 'geen schoolbenodigdheden: die krijgt ze van ons zelf', NULL, NULL, NULL, '2016-07-16 17:55:01', '2016-09-14 11:04:41', '2016-09-14 11:04:41'),
(872, 10, 'lego (bijv easy build, vanaf 4 jaar)', NULL, NULL, NULL, '2016-07-16 17:56:00', '2016-07-16 17:56:00', NULL),
(873, 10, 'nieuwe doos stoepkrijt ', NULL, NULL, NULL, '2016-07-16 17:56:54', '2016-09-14 11:04:46', '2016-09-14 11:04:46'),
(874, 8, 'envelopje voor de verhuizing ', NULL, NULL, NULL, '2016-07-16 17:57:42', '2016-09-14 11:08:19', '2016-09-14 11:08:19'),
(875, 11, 'Houten veerboot', 'https://www.bol.com/nl/p/veerboot/1004004010594378/', NULL, NULL, '2016-07-16 21:05:32', '2016-07-16 21:05:32', NULL),
(876, 11, 'rammelaar, sambaballen, tamboerijn oid', NULL, NULL, NULL, '2016-07-16 23:11:38', '2016-07-16 23:11:38', NULL),
(877, 11, 'Brandweerauto van Little people', 'http://www.blokker.nl/nl/blknl/fisher-price-little-people-brandweerauto-met-ladder', NULL, NULL, '2016-07-25 22:20:26', '2017-08-14 21:12:18', '2017-08-14 21:12:18'),
(878, 8, 'Hulp bij opruimen, inpakken, klussen, verhuizen etc', NULL, NULL, NULL, '2016-07-25 22:26:19', '2017-08-14 15:23:18', '2017-08-14 15:23:18'),
(879, 2, 'blender voor sapjes', NULL, NULL, NULL, '2016-08-25 01:33:16', '2016-11-02 20:30:25', NULL),
(880, 2, 'melkschuimer elektrisch', NULL, NULL, NULL, '2016-08-26 11:47:08', '2016-08-26 11:47:08', NULL),
(881, 2, 'douchemuts', NULL, NULL, NULL, '2016-08-26 11:47:23', '2016-08-26 11:47:23', NULL),
(882, 5, 'tomtom go 6100 (of bol.com bon)', NULL, NULL, NULL, '2016-08-31 22:49:13', '2016-08-31 22:49:13', NULL),
(883, 5, 'DS ALFA Topcase motorhoes XL versie', 'https://www.dscovers.nl/product/alfa-topcase-motorhoes/', NULL, NULL, '2016-08-31 22:50:50', '2017-03-11 14:52:52', '2017-03-11 14:52:52'),
(884, 5, 'glazen bloemenvaas recht', 'http://g02.a.alicdn.com/kf/HTB1zWD9GpXXXXXhXXXXq6xXFXXXx/221766131/HTB1zWD9GpXXXXXhXXXXq6xXFXXXx.jpg', NULL, NULL, '2016-08-31 22:52:36', '2016-11-02 20:29:11', '2016-11-02 20:29:11'),
(885, 7, 'Verrekijker', NULL, NULL, NULL, '2016-09-04 11:34:42', '2016-09-04 11:34:42', NULL),
(886, 2, 'hoesje voor mijn telefoon', NULL, NULL, NULL, '2016-09-05 02:55:50', '2017-01-18 03:08:35', '2017-01-18 03:08:35'),
(887, 2, 'spannend boek ??', NULL, NULL, NULL, '2016-09-05 02:59:34', '2016-09-05 02:59:34', NULL),
(888, 2, 'hoesje voor shag (nu vreselijke plaatjes erop)', NULL, NULL, NULL, '2016-09-08 01:26:29', '2017-01-18 03:08:45', '2017-01-18 03:08:45'),
(889, 1, 'grasmaaier Honda op benzine ', NULL, NULL, NULL, '2016-09-08 01:28:41', '2016-09-08 01:32:13', '2016-09-08 01:32:13'),
(890, 3, 'bijdrage voor kunst aan de muur', NULL, NULL, NULL, '2016-09-14 11:12:08', '2016-09-14 11:12:08', NULL),
(891, 3, 'dagje klushulp', NULL, NULL, NULL, '2016-09-14 11:12:34', '2017-09-26 09:37:54', '2017-09-26 09:37:54'),
(892, 3, 'Scott Meyer - Off to be the wizard (Magic 2.0 #1)', 'http://www.goodreads.com/book/show/18616975-off-to-be-the-wizard', NULL, NULL, '2016-11-02 20:02:32', '2016-11-02 20:02:32', NULL),
(893, 3, 'Scott Meyer - Spell or High Water (Magic 2.0 #2)', 'http://www.goodreads.com/book/show/21483760-spell-or-high-water', NULL, NULL, '2016-11-02 20:03:05', '2016-11-02 20:03:05', NULL),
(894, 3, 'Scott Meyer - An Unwelcome Quest (Magic 2.0 #3)', 'http://www.goodreads.com/book/show/23249416-an-unwelcome-quest', NULL, NULL, '2016-11-02 20:03:33', '2016-11-02 20:03:49', NULL),
(895, 5, 'Test Jaap', '', NULL, NULL, '2016-11-02 20:28:54', '2016-11-03 19:00:10', '2016-11-03 19:00:10'),
(896, 5, 'Nog een Kai', '', NULL, NULL, '2016-11-02 20:30:06', '2016-11-03 19:00:11', '2016-11-03 19:00:11'),
(897, 1, 'Bloembollen, wilde hyacint,, sneeuwklokjes, bijzondere soorten', '', NULL, NULL, '2016-11-02 20:41:15', '2016-12-19 22:26:04', '2016-12-19 22:26:04'),
(898, 5, 'dun zilver pinkring Maat 45 (14,64mm)', 'http://www.chanti.nl/Smal_schakelring_in_zilver%7C1843421', NULL, NULL, '2016-11-03 19:07:27', '2017-10-31 21:37:57', NULL),
(899, 5, 'Ythaq strip #4', 'http://www.stripinfo.be/reeks/strip/35365_Ythaq_4_De_schaduw_van_Khengis', NULL, NULL, '2016-11-03 19:12:56', '2017-03-11 14:52:54', '2017-03-11 14:52:54'),
(900, 5, 'snelkookpan', '', NULL, NULL, '2016-11-03 19:14:46', '2016-11-03 19:14:46', NULL),
(901, 5, 'koekenpan groot voor grote pannekoeken', '', NULL, NULL, '2016-11-03 19:19:09', '2017-01-26 20:57:32', '2017-01-26 20:57:32'),
(902, 4, 'zoomer 2.0', 'https://www.bol.com/nl/p/zoomer-dalmatier-2-0-hond/9200000043035905/', NULL, NULL, '2016-11-03 19:39:52', '2016-11-03 19:39:52', NULL),
(903, 4, 'geld ', '', NULL, NULL, '2016-11-03 19:42:21', '2016-11-03 19:42:57', NULL),
(904, 10, 'Poppenwagen (buggy model)', '', NULL, NULL, '2016-11-04 17:27:56', '2017-07-19 20:57:57', '2017-07-19 20:57:57'),
(905, 10, 'Ouderwets bingo spel (draairad met nummer-balletjes)', '', NULL, NULL, '2016-11-04 17:29:51', '2016-11-04 17:29:51', NULL),
(906, 8, 'Boek ''slaapklets''', 'https://www.bol.com/nl/p/slaapklets/9200000001997358/?suggestionType=browse', NULL, NULL, '2016-11-05 21:39:53', '2016-12-07 10:38:56', '2016-12-07 10:38:56'),
(907, 11, 'Little People Sint en piet', '', NULL, NULL, '2016-11-05 21:44:02', '2016-12-07 10:36:28', '2016-12-07 10:36:28'),
(908, 11, 'VTech Toet Toet Ruimtestation', '', NULL, NULL, '2016-11-05 21:45:26', '2017-08-28 21:32:14', NULL),
(909, 10, 'Smart Games Roodkapje Deluxe', 'https://www.bol.com/nl/p/smart-games-roodkapje-deluxe-kinderspel/9200000055944559/?Referrer=ADVNLGOO002027-G-36295585669-S-302287260423-9200000055944559&gclid=Cj0KCQjwhrzLBRC3ARIsAPmhsnVdBt3FAjNnDNMJdipQAGen-gV7JL4rtPYrQE2ZHrPW2jOsoGgx-BAaAmSkEALw_wcB', NULL, NULL, '2016-11-05 21:46:46', '2017-07-19 21:01:59', NULL),
(910, 10, 'Twister spel', '', NULL, NULL, '2016-11-05 21:47:01', '2017-07-19 21:03:06', '2017-07-19 21:03:06'),
(911, 10, 'Playlab Ik Leer Lezen - Educatief Spel', 'https://www.bol.com/nl/p/playlab-ik-leer-lezen-educatief-spel/9200000027680175/', NULL, NULL, '2016-11-05 21:47:18', '2017-07-19 21:01:36', NULL),
(912, 3, 'Broodrooster', '', NULL, NULL, '2016-11-06 10:43:09', '2016-12-14 10:00:32', '2016-12-14 10:00:32'),
(913, 8, 'O bag chic ', 'http://www.obagshop.nl/o-chic/o-chic-body/', NULL, NULL, '2016-11-07 22:51:05', '2016-11-11 20:12:25', NULL),
(914, 8, 'O bag City ', 'https://www.obagonline.com/O-city-body-bordeaux-p/octy02.htm', NULL, NULL, '2016-11-07 22:52:12', '2016-11-11 20:13:44', '2016-11-11 20:13:44'),
(915, 8, 'O chive pocket watch', 'https://www.obagonline.com/O-chive-pocket-watch-s/1828.htm', NULL, NULL, '2016-11-07 22:53:36', '2016-11-07 22:53:36', NULL),
(916, 8, 'Boek ''Het valt wel, maar niet mee''', 'http://deborahdepoorter.nl/product/boek-het-valt-wel-maar-niet-mee/', NULL, NULL, '2016-11-11 19:48:14', '2017-05-19 15:26:16', '2017-05-19 15:26:16'),
(917, 8, 'O bag (Classic model) handles, zwart', 'http://www.obagshop.nl/o-bag/o-bag-handles/', NULL, NULL, '2016-11-11 20:14:41', '2016-11-11 20:14:41', NULL),
(918, 8, 'O bag Classic, grijze binnentas', 'http://www.obagshop.nl/binnentas-grijs.html', NULL, NULL, '2016-11-11 20:15:22', '2017-08-28 21:24:33', '2017-08-28 21:24:33'),
(919, 11, 'Hape Meet spel', 'https://www.bol.com/nl/p/hape-meetspel-hout/9200000055279554/?bltg=itm_event=click&mmt_id=1ccf7457a74f85aa&pg_nm=pdp&slt_id=prd_reco&slt_nm=product_recommendations&slt_pos=C1&slt_owner=ccs&itm_type=product&itm_lp=1&itm_id=9200000055279554&itm_role=in', NULL, NULL, '2016-11-12 11:21:54', '2017-08-14 21:14:35', '2017-08-14 21:14:35'),
(920, 8, 'Interieur magazines ter inspiratie', '', NULL, NULL, '2016-11-12 11:32:52', '2017-05-19 15:26:24', '2017-05-19 15:26:24'),
(921, 10, 'Verkleedkleren', '', NULL, NULL, '2016-11-12 16:11:15', '2016-11-12 16:11:15', NULL),
(922, 10, 'Smalle meubeltjes voor poppenhuis', '', NULL, NULL, '2016-11-12 16:11:38', '2016-12-07 10:37:27', '2016-12-07 10:37:27'),
(923, 10, 'Strijkkralen en vormen', '', 3, '2016-11-19 13:21:53', '2016-11-12 16:11:58', '2017-07-19 20:59:14', '2017-07-19 20:59:14'),
(924, 1, 'Ravian, nr 5, 10, 13-22', '', NULL, NULL, '2016-11-12 17:28:54', '2016-12-19 22:26:14', '2016-12-19 22:26:14'),
(925, 1, 'Luc Orient 2-5, 7, 10-12, 15, 16, 18', '', NULL, NULL, '2016-11-12 17:33:08', '2016-11-12 17:33:08', NULL),
(926, 9, 'Star wars', '', NULL, NULL, '2016-11-16 15:48:39', '2016-11-16 15:48:39', NULL),
(927, 9, 'paw patrol', '', NULL, NULL, '2016-11-16 15:49:16', '2016-11-16 15:49:16', NULL),
(928, 3, 'kolonisten van catan', '', 7, '2016-11-18 14:05:34', '2016-11-16 18:43:11', '2016-12-14 10:00:36', '2016-12-14 10:00:36'),
(929, 5, 'Het infographic boek over koken', 'https://www.debijenkorf.nl/het-infographic-boek-over-eten-7255091589', NULL, NULL, '2016-11-19 10:14:59', '2016-11-19 10:14:59', NULL),
(930, 4, 'fietswiel lichtsnoer', '', NULL, NULL, '2016-11-19 13:23:36', '2016-12-14 10:01:32', '2016-12-14 10:01:32'),
(931, 9, 'strijkkralen', '', 8, '2016-11-20 13:18:33', '2016-11-19 13:24:13', '2017-05-12 16:07:47', '2017-05-12 16:07:47'),
(932, 3, 'Ons creatieve brein - Dick Swaab', '', NULL, NULL, '2016-11-19 16:23:46', '2016-11-19 16:23:46', NULL),
(933, 5, 'infuser water/fruit', 'https://www.waterflesmetfruitfilter.nl/', NULL, NULL, '2016-11-19 18:51:15', '2017-10-31 21:38:34', NULL),
(934, 10, 'Playmobil (sets met poppetjes)', '', NULL, NULL, '2016-11-20 11:48:51', '2017-08-28 21:27:38', NULL),
(935, 11, 'Autostuurtje ', 'https://www.wehkamp.nl/speelgoed-games/babyspeelgoed/babyspeelgoed/b-kids-baby-stuur/C25_BPS_BPS_552545/?MaatCode=0000&PI=2&PrI=64&Nrpp=24&Blocks=0&Ns=M&View=Grid&NavState=%2f_%2fN-1x88&IsSeg=0', 8, '2017-08-28 21:28:00', '2016-11-20 11:51:25', '2017-08-28 21:28:32', '2017-08-28 21:28:32'),
(936, 11, 'Krokodil puzzel speelbeest', 'https://www.wehkamp.nl/speelgoed-games/babyspeelgoed/babyspeelgoed/b-kids-krokodil/C25_BPS_BPS_742621/?MaatCode=0000&PI=5&PrI=126&Nrpp=24&Blocks=0&Ns=M&View=Grid&NavState=%2f_%2fN-1x88&IsSeg=0', NULL, NULL, '2016-11-20 11:54:20', '2017-08-14 21:14:51', '2017-08-14 21:14:51'),
(937, 11, 'Speelgoed smartphone of afstandsbediening', '', 8, '2017-08-28 21:28:04', '2016-11-20 11:56:17', '2017-08-28 21:28:33', '2017-08-28 21:28:33'),
(938, 5, 'Giga grote houtte fruitschaal', 'http://www.beterleven.net/epages/62509981.sf/nl_NL/?ObjectPath=/Shops/62509981/Products/WONK015/SubProducts/WONK015-0001', NULL, NULL, '2016-11-20 12:27:21', '2017-10-31 21:30:35', '2017-10-31 21:30:35'),
(939, 8, 'Taart bewaardoos', 'https://www.bol.com/nl/p/privilege-taart-bewaar-vershoud-dienblad-30-cm/9200000071358554/?suggestionType=suggestedsearch', NULL, NULL, '2016-11-20 13:16:45', '2016-11-20 13:16:45', NULL),
(940, 5, 'Harry Potter and the Cursed Child - Engels & papier', '', NULL, NULL, '2016-11-20 21:09:37', '2017-07-02 12:55:01', '2017-07-02 12:55:01'),
(941, 8, 'ketting met eenvoudig zilveren kruisje', '', NULL, NULL, '2016-11-29 12:05:36', '2017-05-19 15:26:29', '2017-05-19 15:26:29'),
(942, 8, 'leren handschoenen (kleine maat)', '', NULL, NULL, '2016-11-29 12:06:18', '2016-11-29 12:06:18', NULL),
(943, 1, 'ravian, nr 13 - 16, 18 - 21', '', NULL, NULL, '2016-12-19 22:27:03', '2016-12-19 22:27:03', NULL),
(944, 1, 'Aria nr 8, 9, 12, 13, 15 - 33', '', NULL, NULL, '2016-12-19 22:29:06', '2016-12-19 22:29:06', NULL),
(945, 3, 'Codenames - Gezelschapsspel', 'https://www.bol.com/nl/p/codenames-gezelschapsspel/9200000052476461/', 7, '2017-10-07 10:53:48', '2017-02-07 17:32:56', '2017-10-11 20:30:56', '2017-10-11 20:30:56'),
(946, 5, '3D Pen + filament (vulling) o.a. zwart', 'https://www.youtube.com/watch?v=rEpQnHMpFsM', NULL, NULL, '2017-03-11 14:48:50', '2017-10-31 21:30:40', '2017-10-31 21:30:40'),
(947, 6, 'Peugeot Daman Pepermolen 21 cm U-select, transparant', 'https://www.fonq.nl/product/peugeot-daman-pepermolen-21-cm-u-select/29475/', NULL, NULL, '2017-04-06 19:01:55', '2017-05-19 09:01:38', '2017-05-19 09:01:38'),
(948, 6, 'Kaasschaaf, vaatwasserbestendig', '', NULL, NULL, '2017-04-25 17:30:26', '2017-04-25 17:30:26', NULL),
(949, 6, 'Beetje goede automatische laskap/helm', '', NULL, NULL, '2017-04-26 07:38:59', '2017-04-26 07:38:59', NULL),
(950, 6, 'HSS borenset 1-10 mm, stappen van 0.5mm', '', NULL, NULL, '2017-04-27 12:30:01', '2017-04-27 12:30:01', NULL),
(951, 6, 'Handzaag', '', NULL, NULL, '2017-04-28 12:10:00', '2017-04-28 12:10:00', NULL),
(952, 6, 'Nieuwe portemonnee, formaatje kontzak, briefgeld kleingeld pasjes fotoframepje', '', NULL, NULL, '2017-04-29 12:08:22', '2017-04-29 12:09:18', NULL),
(953, 6, 'Speedboren set', '', NULL, NULL, '2017-04-29 12:10:22', '2017-04-29 12:10:22', NULL),
(954, 6, 'Tuinslang spuitpistool', '', NULL, NULL, '2017-05-04 07:35:36', '2017-05-04 07:35:36', NULL),
(955, 6, 'Usb verlengkabel', '', NULL, NULL, '2017-05-04 18:30:05', '2017-05-04 18:30:05', NULL),
(956, 6, 'Tuinstoel kunststof, Hartman standenstoel Florion, antraciet', 'http://m.blokker.nl/m20/nl/blknl/tuin/tuinmeubelen/tuinstoelen/verstelbare-stoelen/standenstoel-florion-grijs?dfw_tracker=10589-1117189&gclid=Cj0KEQjw6LXIBRCUqIjXmdKBxZUBEiQA_f50PiB3VIX67JXxBlvPD1aXj4BAJmkj-k5irckxaveVY5waAk2g8P8HAQ', NULL, NULL, '2017-05-06 18:02:59', '2017-05-06 18:02:59', NULL),
(957, 6, 'Nog z''n tuinstoel', '', NULL, NULL, '2017-05-06 18:03:23', '2017-05-17 22:18:47', '2017-05-17 22:18:47'),
(958, 9, 'Boekjes van Paul van Loon (Foeksia)', '', NULL, NULL, '2017-05-12 16:08:04', '2017-05-12 16:08:04', NULL),
(959, 9, 'fidget spinner met lichtjes', 'https://www.bol.com/nl/l/speelfiguren-fidget/N/10608+4275057893/?Referrer=ADVNLGOO002027-F3EMNBBBY7FMS-192390359453', NULL, NULL, '2017-05-12 16:10:24', '2017-05-12 16:10:24', NULL),
(960, 9, 'pokemon kaarten', '', NULL, NULL, '2017-05-12 16:10:39', '2017-05-12 16:10:39', NULL),
(961, 9, 'Skylanders poppetjes', 'https://www.skylanderskopen.nl/swap-force/', NULL, NULL, '2017-05-13 10:35:37', '2017-05-13 10:35:37', NULL),
(962, 9, 'telescoop', '', NULL, NULL, '2017-05-13 11:16:48', '2017-05-13 11:16:48', NULL),
(963, 6, 'Usb verlengkabel', '', NULL, NULL, '2017-05-17 22:17:34', '2017-05-17 22:18:44', '2017-05-17 22:18:44'),
(964, 6, 'Onkruidsteker', 'https://www.wehkamp.nl/Winkelen/KenmerkAdviseurArtikel.aspx?CC=C30&SC=8H8&KAC=H68&artikelNummer=491740&MaatCode=0000&BC=GOA&BAC=ALG&cm_mmc_o=7BBTkwCjC-kTwFwwECVyBpAgfkblfbETzplCjCRELyAbplfwLwyCjCoxS9vISi&utm_source=google&utm_medium=cpc&scid=scplp864917400000&sc_intid=864917400000&cm_mmca1=12913-AGI-23712231422-ASI-176392169822-864917400000&gclid=CjwKEAjw6e_IBRDvorfv2Ku79jMSJAAuiv9YNYCHJeCyJwpw391ge8_3spjvjZsOHfYBzUPHwZMgqhoCnVfw_wcB&gclsrc=aw.ds&dclid=CNq86r3g99MCFVyZdwodFQQJVw', NULL, NULL, '2017-05-17 22:22:26', '2017-05-17 22:22:26', NULL),
(965, 6, 'Voegenkrabber', 'http://m.blokker.nl/m20/nl/blknl/tuin/tuingereedschap-1/handgereedschap/wolf-garten-voegenkrabber-kf-2k?dfw_tracker=10589-1388643&gclid=CjwKEAjw6e_IBRDvorfv2Ku79jMSJAAuiv9YwQdqBLSgk0T_esrxoXQutFh5PUnTwVS0dnyE6TQToRoCxMfw_wcB', NULL, NULL, '2017-05-17 22:26:28', '2017-05-17 22:26:28', NULL),
(966, 6, 'Nog z''n tuinstoel', '', NULL, NULL, '2017-05-19 09:02:42', '2017-05-19 09:02:42', NULL),
(967, 6, 'Rode (roze) "peper"korrels voor in pepermolen', '', NULL, NULL, '2017-05-19 09:03:23', '2017-05-19 09:08:44', NULL),
(968, 6, 'Tuinsproeier voor t gras', '', NULL, NULL, '2017-05-27 23:25:34', '2017-05-27 23:25:34', NULL),
(969, 5, 'uittrekbare waslijn min. 3.5 Meter', 'https://www.droogmolenstore.nl/roldrooglijn-22-meter-wit-copy.html?source=googlebase&gclid=CjwKEAjw387JBRDPtJePvOej8kASJADkV9TLp9aSmHv1Y2-0J6HoiJ4cMC2SSC3-nO7OOv9S50_Y7xoCapvw_wcB', NULL, NULL, '2017-06-04 14:55:17', '2017-06-04 14:55:17', NULL),
(970, 6, 'xeroly angleizer tool', 'https://xeroly.com/products/angleizer', NULL, NULL, '2017-06-06 17:22:58', '2017-06-06 17:22:58', NULL),
(971, 11, 'Nijntje piraat knuffel', '', NULL, NULL, '2017-06-11 15:02:08', '2017-06-11 15:02:08', NULL),
(972, 11, 'Emmertje schepje etc voor zandbak/strand', '', 8, '2017-08-28 21:28:06', '2017-06-11 15:03:19', '2017-08-28 21:28:36', '2017-08-28 21:28:36');
INSERT INTO `wishes` (`id`, `user_id`, `description`, `link`, `claimed_by`, `claimed_at`, `created_at`, `updated_at`, `deleted_at`) VALUES
(973, 5, 'thee carrousel zoals Leanne', '', NULL, NULL, '2017-06-18 00:22:24', '2017-07-02 12:53:08', '2017-07-02 12:53:08'),
(974, 5, 'Theecarousel voor theezakjes', 'https://www.fonq.nl/product/brabantia-stapelbare-theecarrousel/149236/', NULL, NULL, '2017-07-02 12:52:58', '2017-07-02 12:52:58', NULL),
(975, 5, 'TwisTea display carousel ( 4 smaken hout)', 'https://twistea.myshopify.com/collections/displays/products/twistea-display-4?variant=20759025351', NULL, NULL, '2017-07-02 12:54:47', '2017-10-31 21:36:14', NULL),
(976, 5, 'E-books (cursed child Harry, andere tips)', '', NULL, NULL, '2017-07-02 12:55:20', '2017-10-31 21:44:43', NULL),
(977, 10, 'Klein mandje voor voorop haar fiets', '', NULL, NULL, '2017-07-19 20:59:33', '2017-07-19 20:59:33', NULL),
(978, 10, 'Trapveer', 'https://www.bol.com/nl/p/funtoy-mega-trapveer-neon-kleuren/9200000027673845/?suggestionType=typedsearch', NULL, NULL, '2017-07-19 21:00:58', '2017-07-19 21:00:58', NULL),
(979, 10, 'Roze of rode prinsessen accesoires voor nieuwe kamer', '', NULL, NULL, '2017-07-19 21:03:41', '2017-08-14 21:16:04', '2017-08-14 21:16:04'),
(980, 8, 'kussenfabriek gregor kussen 50 x 50 cm - petrol', 'https://www.vtwonen.nl/shop/wonen/kussens/de-kussenfabriek-gregor-kussen-50-x-50-cm-petrol-p130864.html?searchp=Petrol', NULL, NULL, '2017-07-23 12:01:47', '2017-09-03 20:06:24', '2017-09-03 20:06:24'),
(981, 8, 'vluv stov zitbal petrol - 75 cm', 'https://www.vtwonen.nl/shop/meubels/poefs-hockers/poefs/vluv-stov-zitbal-petrol-75-cm-p183317.html?searchp=Petrol', NULL, NULL, '2017-07-23 12:02:14', '2017-09-03 20:06:26', '2017-09-03 20:06:26'),
(982, 7, 'de kussenfabriek gregor kussen 50 x 50 cm - petrol', 'https://www.vtwonen.nl/shop/wonen/kussens/de-kussenfabriek-gregor-kussen-50-x-50-cm-petrol-p130864.html?searchp=Petrol', NULL, NULL, '2017-07-23 12:03:55', '2017-09-03 20:06:55', '2017-09-03 20:06:55'),
(983, 7, 'Globe', '', NULL, NULL, '2017-07-26 20:50:47', '2017-07-26 20:50:47', NULL),
(984, 8, 'Vlaggenstokhouder', '', NULL, NULL, '2017-08-01 20:25:33', '2017-09-03 20:06:28', '2017-09-03 20:06:28'),
(985, 11, 'Vtech toet toet autootjes (kies zelf maar welke... hebben al vuilniswagen jeep brandweer tankwagen en ambulance)', '', NULL, NULL, '2017-08-14 21:13:20', '2017-08-28 21:28:54', NULL),
(986, 11, 'Puzzels', '', NULL, NULL, '2017-08-20 10:13:59', '2017-08-20 10:13:59', NULL),
(987, 11, 'Vormenstoof of -kubus (liefst hout)', '', NULL, NULL, '2017-08-20 10:17:45', '2017-08-20 10:17:45', NULL),
(988, 8, 'Boek of ebook ''de Amerikaanse prinses'' van Annejet van der Zijl', '', NULL, NULL, '2017-08-28 21:25:16', '2017-10-27 21:31:30', '2017-10-27 21:31:30'),
(989, 8, 'Boek of ebook ''Ginevra'' van Simone van der Vlugt', '', 3, '2017-09-02 13:46:23', '2017-08-28 21:26:07', '2017-09-03 20:06:33', '2017-09-03 20:06:33'),
(990, 8, 'Boek of ebook ''Ginevra'' van Simone van der Vlugt', '', NULL, NULL, '2017-08-28 21:26:07', '2017-08-28 21:27:00', '2017-08-28 21:27:00'),
(991, 8, 'Boek of ebook ''Ginevra'' van Simone van der Vlugt', '', NULL, NULL, '2017-08-28 21:26:07', '2017-08-28 21:27:03', '2017-08-28 21:27:03'),
(992, 8, 'Boek of ebook ''Ginevra'' van Simone van der Vlugt', '', NULL, NULL, '2017-08-28 21:26:07', '2017-08-28 21:26:53', '2017-08-28 21:26:53'),
(993, 8, 'Boek of ebook ''Ginevra'' van Simone van der Vlugt', '', NULL, NULL, '2017-08-28 21:26:07', '2017-08-28 21:27:06', '2017-08-28 21:27:06'),
(994, 11, 'Vtech toet toet wegdelen', '', NULL, NULL, '2017-08-28 21:31:34', '2017-08-28 21:31:34', NULL),
(995, 11, 'Vtech toet toet garage', '', NULL, NULL, '2017-08-28 21:32:27', '2017-08-28 21:32:27', NULL),
(996, 8, 'Geen vogelhuisjes meer (de schuurmuur is vol)', '', NULL, NULL, '2017-08-28 22:04:51', '2017-08-28 22:04:51', NULL),
(997, 7, 'Geen vogelhuisjes', '', NULL, NULL, '2017-08-28 22:05:46', '2017-08-28 22:05:46', NULL),
(998, 8, 'Vazenset in vier kleuren', 'https://www.woonexpress.nl/0034480604--000/set-van-4-vazen-kwartet-multi.html', NULL, NULL, '2017-09-24 19:43:19', '2017-09-24 19:43:19', NULL),
(999, 3, 'Domotica gadgets (z-wave)', '', NULL, NULL, '2017-09-26 09:40:47', '2017-10-25 15:05:30', NULL),
(1000, 3, 'Synology NAS', 'https://tweakers.net/pricewatch/496729/synology-diskstation-ds216j.html', NULL, NULL, '2017-09-26 14:18:48', '2017-09-26 14:18:48', NULL),
(1001, 3, 'pantoffels met dikke zool', '', NULL, NULL, '2017-10-12 21:38:06', '2017-10-12 21:40:06', NULL),
(1002, 3, 'Asterix en de race door de Laars', '', NULL, NULL, '2017-10-19 13:02:58', '2017-10-19 13:02:58', NULL),
(1003, 8, 'Uitbreiding Black Stories (deel1 hebben we al)', 'https://www.bol.com/nl/b/algemeen/story-factory/4774185/index.html?lastId=10600', NULL, NULL, '2017-10-19 22:55:54', '2017-10-19 22:55:54', NULL),
(1004, 8, 'Rory’s story cubes', 'https://www.bol.com/nl/p/rory-s-story-cubes-voordeel-bundel/9200000064798916/?suggestionType=typedsearch', NULL, NULL, '2017-10-20 20:26:51', '2017-10-20 20:26:51', NULL),
(1005, 3, 'Soldeerset', '', NULL, NULL, '2017-10-25 15:06:00', '2017-10-25 15:06:00', NULL),
(1006, 12, 'Cadeaubonnen ICI Paris', '', NULL, NULL, '2017-10-25 15:10:18', '2017-10-25 15:10:18', NULL),
(1007, 1, 'rugborstel', '', NULL, NULL, '2017-10-25 22:14:59', '2017-10-25 22:14:59', NULL),
(1008, 1, 'Boek: over schilderscollectief De Ploeg; door Kees van der Ploeg', '', NULL, NULL, '2017-10-25 22:16:13', '2017-10-25 22:22:49', NULL),
(1009, 1, 'cd: Cloudburst, Outsiders', '', NULL, NULL, '2017-10-25 22:17:01', '2017-10-25 22:17:01', NULL),
(1010, 1, 'cd: Artvark sax quartet, Trance', '', NULL, NULL, '2017-10-25 22:17:54', '2017-10-25 22:17:54', NULL),
(1011, 1, 'boek: Johan Maelwael en de gebroeders van Limburg; Grondleggers van de nederlandse schilderkunst; Verhoeven en Stufkens, 24,50', '', NULL, NULL, '2017-10-25 22:19:57', '2017-10-25 22:19:57', NULL),
(1012, 1, 'bloembollen, wilde hyacint', '', NULL, NULL, '2017-10-25 22:22:04', '2017-10-25 22:22:04', NULL),
(1013, 12, 'Tosti ijzer', '', 1, '2017-10-31 16:57:44', '2017-10-27 21:33:09', '2017-10-31 16:57:44', NULL),
(1014, 12, 'Soepkommen', '', NULL, NULL, '2017-10-27 21:33:22', '2017-10-27 21:33:22', NULL),
(1015, 12, 'Keukenschort ', '', NULL, NULL, '2017-10-27 21:33:41', '2017-10-27 21:33:41', NULL),
(1016, 12, 'Rode wijn (Rioja) ', '', NULL, NULL, '2017-10-27 21:34:55', '2017-10-27 21:34:55', NULL),
(1017, 12, 'Theedoeken/handdoeken', '', NULL, NULL, '2017-10-27 21:35:29', '2017-10-27 21:35:29', NULL),
(1018, 12, 'Cadeaubon Bol.com', '', NULL, NULL, '2017-10-27 21:36:00', '2017-10-27 21:36:00', NULL),
(1019, 12, 'Kaarsen', '', NULL, NULL, '2017-10-27 21:36:16', '2017-10-27 21:36:16', NULL),
(1020, 11, 'Buurman & buurman dingen', '', NULL, NULL, '2017-10-27 21:38:49', '2017-10-27 21:38:49', NULL),
(1021, 11, 'Winnie the Pooh dingen', '', NULL, NULL, '2017-10-27 21:39:00', '2017-10-27 21:39:00', NULL),
(1022, 11, 'Zwembroek (maat 92)', '', NULL, NULL, '2017-10-28 23:59:11', '2017-10-28 23:59:11', NULL),
(1023, 7, 'Witte-wijnglazen', '', NULL, NULL, '2017-10-29 20:54:08', '2017-10-29 20:54:08', NULL),
(1024, 5, 'Essie Nagelak Top Coat', 'https://www.etos.nl/beauty/essie', NULL, NULL, '2017-10-31 21:33:43', '2017-10-31 21:33:43', NULL),
(1025, 5, 'Essie nagellak Base Coat', 'https://www.etos.nl/beauty/essie', NULL, NULL, '2017-10-31 21:33:58', '2017-10-31 21:33:58', NULL),
(1026, 5, 'Beste appeltaarten recept! (zonder noten)', '', NULL, NULL, '2017-10-31 21:42:53', '2017-10-31 21:42:53', NULL);

--
-- Indexen voor geëxporteerde tabellen
--

--
-- Indexen voor tabel `password_resets`
--
ALTER TABLE `password_resets`
  ADD KEY `password_resets_email_index` (`email`),
  ADD KEY `password_resets_token_index` (`token`);

--
-- Indexen voor tabel `users`
--
ALTER TABLE `users`
  ADD PRIMARY KEY (`id`),
  ADD UNIQUE KEY `users_name_unique` (`name`);

--
-- Indexen voor tabel `wishes`
--
ALTER TABLE `wishes`
  ADD PRIMARY KEY (`id`),
  ADD KEY `fk_verlanglijstjes_userid` (`user_id`);

--
-- AUTO_INCREMENT voor geëxporteerde tabellen
--

--
-- AUTO_INCREMENT voor een tabel `users`
--
ALTER TABLE `users`
  MODIFY `id` int(10) unsigned NOT NULL AUTO_INCREMENT,AUTO_INCREMENT=15;
--
-- AUTO_INCREMENT voor een tabel `wishes`
--
ALTER TABLE `wishes`
  MODIFY `id` int(4) NOT NULL AUTO_INCREMENT,AUTO_INCREMENT=1027;
--
-- Beperkingen voor geëxporteerde tabellen
--

--
-- Beperkingen voor tabel `wishes`
--
ALTER TABLE `wishes`
  ADD CONSTRAINT `fk_verlanglijstjes_userid` FOREIGN KEY (`user_id`) REFERENCES `users` (`id`);

/*!40101 SET CHARACTER_SET_CLIENT=@OLD_CHARACTER_SET_CLIENT */;
/*!40101 SET CHARACTER_SET_RESULTS=@OLD_CHARACTER_SET_RESULTS */;
/*!40101 SET COLLATION_CONNECTION=@OLD_COLLATION_CONNECTION */;
